권역,펫샵명,전화번호,도로명주소,지번주소,우편번호,인허가일자,영업상태
서울,삼성조류,02-763-1103,"서울특별시 종로구 청계천로 ***, D동 *층 **호 (창신동)",,03120,2016-08-24,영업/정상
서울,뉴욕애견,2264-9032,서울특별시 중구 퇴계로 *** (충무로*가),서울특별시 중구 충무로*가,04558,2008-10-31,영업/정상
서울,펫하우스,02-2274-1259,서울특별시 중구 퇴계로 *** (충무로*가),서울특별시 중구 충무로*가 ***,04558,2012-01-05,영업/정상
서울,롯데마트 서울역점,02-2601-7064,서울특별시 중구 청파로 *** (봉래동*가),서울특별시 중구 봉래동*가 ***,,2012-09-04,영업/정상
서울,왕십리조은동물병원,2297-0075,서울특별시 성동구 왕십리로 *** (하왕십리동),서울특별시 성동구 하왕십리동 ***-*,04710,2014-04-17,영업/정상
서울,미니펫 강아지분양 고양이분양 성수점,02-466-9584,서울특별시 성동구 성덕정길 **-* (성수동*가),서울특별시 성동구 성수동*가 ***-**,04775,2014-07-11,영업/정상
서울,고양이분양 전문 달루나캣츠,02-2299-0014,서울특별시 성동구 왕십리로 *** (도선동),서울특별시 성동구 도선동 ***,04707,2014-08-28,영업/정상
서울,코코애견,2246-8712,"서울특별시 성동구 용답중앙**길 ** (용답동,(*층))",서울특별시 성동구 용답동 **-* (*층),,2011-02-17,영업/정상
서울,(주) 밀레펫 왕십리점,2200-1234,"서울특별시 성동구 왕십리광장로 **, *층 (행당동)",서울특별시 성동구 행당동 ***-***,04750,2013-05-20,영업/정상
서울,하이바이 분양소,02-453-7338,"서울특별시 광진구 자양로 ***, *층 (구의동)",서울특별시 광진구 구의동 ***-**,05038,2014-09-15,영업/정상
서울,미니 & 바니 애견샵,02-3394-5705,"서울특별시 동대문구 장한로 **, 장안현대벤처빌 *층 ***호 (장안동)",서울특별시 동대문구 장안동 ***-* 장안현대벤처빌,02625,2013-02-26,영업/정상
서울,한스강아지방,02-2244-6262,서울특별시 동대문구 망우로**가길 ** (휘경동),,02496,2016-10-17,영업/정상
서울,펫시랑 상봉점,02-496-7649,"서울특별시 중랑구 망우로 ***, B*층 (상봉동, 홈플러스)",서울특별시 중랑구 상봉동 *** B*층 홈플러스,02087,2013-11-19,영업/정상
서울,(주)그린프레밀리,02-944-1050,"서울특별시 성북구 도봉로 ** (길음동, 이마트미아점)",서울특별시 성북구 길음동 **-* 이마트미아점,02728,2012-08-10,영업/정상
서울,러블리펫,02-909-2082,서울특별시 성북구 종암로**길 **-* (하월곡동),서울특별시 성북구 하월곡동 **-**,02739,2016-04-21,영업/정상
서울,러브펫 멀티펫샵 수유역점,02-908-5554,서울특별시 강북구 한천로 **** (번동),서울특별시 강북구 번동 ***-**,01064,2014-05-09,영업/정상
서울,멍스펫,02-983-3866,"서울특별시 강북구 솔샘로**길 ***, *층 (미아동)",서울특별시 강북구 미아동 ***-*,01175,2019-05-16,영업/정상
서울,잇다펫 강아지분양 고양이분양 노원점,02-515-9996,"서울특별시 노원구 한글비석로**길 *, *층 (상계동)",서울특별시 노원구 상계동 ***-***,01655,2026-04-07,영업/정상
서울,경기관상어,2092-2056,"서울특별시 노원구 노원로 ***, 롯데마트 *층 (중계동)",서울특별시 노원구 중계동 *** 롯데마트 *층,01746,2015-01-08,영업/정상
서울,내품멍냥 노원 강아지분양 고양이분양,02-937-5501,"서울특별시 노원구 노원로 ***, 가동 *층 (상계동)",서울특별시 노원구 상계동 ***,01691,2015-10-23,영업/정상
서울,개냥이네 노원본점,070-4193-0080,"서울특별시 노원구 상계로*길 *, *층 (상계동)",서울특별시 노원구 상계동 ***-*,01692,2019-06-04,영업/정상
서울,밀레펫,02-2092-1052,"서울특별시 노원구 마들로*길 **, 월계이마트 *층 (월계동)",서울특별시 노원구 월계동 ***-* 월계이마트 *층,01906,2020-11-23,영업/정상
서울,골드퍼피동물병원 공릉점,02-971-5955,"서울특별시 노원구 동일로 ****, *층, *층 (공릉동)",서울특별시 노원구 공릉동 ***-*,01848,2021-08-02,영업/정상
서울,로얄수족관(본사: 2690-7311),02-380-1054,"서울특별시 은평구 은평로 ***, *층 (응암동)",서울특별시 은평구 응암동 **-* *층,03461,2012-08-23,영업/정상
서울,디지탈디자인(INTERZOO),02-308-8494,"서울특별시 은평구 수색로 ***-*, ***호 (수색동)",서울특별시 은평구 수색동 **-** ***호,03505,2014-07-04,영업/정상
서울,은평애견,02-359-0456,"서울특별시 은평구 연서로 **, ***호 (역촌동)",서울특별시 은평구 역촌동 **-**,03406,2017-06-12,영업/정상
서울,예일,02-303-2066,서울특별시 서대문구 거북골로 ** (홍은동),서울특별시 서대문구 홍은동 ***-**,03662,2017-11-16,영업/정상
서울,몽냥몽냥,02-332-7660,"서울특별시 서대문구 신촌로 **, *층 (창천동)",서울특별시 서대문구 창천동 ***-**,03785,2019-08-01,영업/정상
서울,비쇼네 이대점,02-363-1781,"서울특별시 서대문구 이화여대길 **, *층 (대현동)",서울특별시 서대문구 대현동 ***-**,03765,2024-11-25,영업/정상
서울,서울준동물병원,02-6954-7522,"서울특별시 마포구 대흥로**길 **, 상가 B층 ***호 (염리동, 마포프레스티지자이)",서울특별시 마포구 염리동 *** 마포프레스티지자이,04124,2023-04-07,영업/정상
서울,슈가네,02-6396-8234,서울특별시 마포구 연남로 ** (연남동),서울특별시 마포구 연남동 ***-**,03977,2016-05-03,영업/정상
서울,서진 동물병원,02-336-3929,서울특별시 마포구 신촌로**길 **(노고산동),서울특별시 마포구 노고산동 **-*,04057,2018-01-17,영업/정상
서울,(주)상상유니버스,070-7719-0028,"서울특별시 마포구 동교로**길 **, *층 (동교동)",서울특별시 마포구 동교동 ***-*,03992,2018-12-06,영업/정상
서울,행복한세상,070-7719-0029,"서울특별시 마포구 동교로**길 **, *층 (동교동)",서울특별시 마포구 동교동 ***-*,03992,2024-07-15,영업/정상
서울,목동 요미독앤캣 강아지분양 고양이분양,02-6397-1566,"서울특별시 양천구 신월로 ***, *층 (신정동)",서울특별시 양천구 신정동 ****-*,08082,2020-06-12,영업/정상
서울,우신펫샵,02-2699-9295,"서울특별시 양천구 중앙로 ***, *층 (신월동)",서울특별시 양천구 신월동 ***-**,08028,2025-02-14,영업/정상
서울,밀레펫(이마트 목동점),031-485-5820,"서울특별시 양천구 오목로 *** (목동,목동트라팰리스 지하 *층)",서울특별시 양천구 목동 *** 목동트라팰리스 지하 *층,,2012-08-22,영업/정상
서울,아프리카펫센터,02-3665-7579,"서울특별시 강서구 공항대로 *** (등촌동, 경왕빌딩)",서울특별시 강서구 등촌동,07590,2011-08-30,영업/정상
서울,(주)그린아쿠아펫,02-2660-8000,"서울특별시 강서구 화곡로 ***, 홈플러스강서점앤본사사옥 *층 (등촌동)",서울특별시 강서구 등촌동 ***-** 홈플러스강서점앤본사사옥,07567,2012-08-17,영업/정상
서울,강동수족관(롯데마트 김포공항점),02-2601-7064,"서울특별시 강서구 하늘길 ** (방화동, 스카이시티)",서울특별시 강서구 방화동,07505,2012-09-04,영업/정상
서울,도그플러스 동물병원,02-3662-3533,"서울특별시 강서구 화곡로 *** (등촌동, 삼성홈플러스강서점)",서울특별시 강서구 등촌동,07567,2014-10-15,영업/정상
서울,놀러오개,070-4062-0707,서울특별시 강서구 까치산로 ** (화곡동),서울특별시 강서구 화곡동 **-***,07721,2019-03-06,영업/정상
서울,푸른들동물병원,02-2699-1222,서울특별시 강서구 양천로 ***-*(염창동),서울특별시 강서구 염창동 ***-**,07543,2023-03-02,영업/정상
서울,해맑은 동물병원,02-3663-7584,"서울특별시 강서구 양천로**길 **-**, 이스타빌*차 *층 ***호 (가양동)",서울특별시 강서구 가양동 ****-* 이스타빌*차 ***호,07526,2024-03-18,영업/정상
서울,구로애조원,02-868-5911,서울특별시 구로구 구로동로**길 ** (구로동),서울특별시 구로구 구로동 ***-**,08311,2016-01-04,영업/정상
서울,구로다나은동물병원,02-2672-7582,"서울특별시 구로구 신도림로 *, ***호 (신도림동)",서울특별시 구로구 신도림동 ***-* ***호,08206,2022-03-15,영업/정상
서울,로얄수족관,2690-7311,서울특별시 구로구 디지털로**길 ** (구로동),서울특별시 구로구 구로동 ***-** (주)이마트 구로점,08379,2012-09-03,영업/정상
서울,아쿠아플러스(주) 금천점,02-890-8000,"서울특별시 금천구 시흥대로 *** (독산동,홈플러스 *층)",서울특별시 금천구 독산동 ***-* 홈플러스 *층,,2012-08-29,영업/정상
서울,도그킹,02-6487-2227,"서울특별시 금천구 시흥대로 ***, *층 (시흥동)",서울특별시 금천구 시흥동 ***,08628,2017-12-04,영업/정상
서울,(주) 엠에이디씨,02-6925-5866,"서울특별시 금천구 가산디지털*로 ***-**, 가산모비우스타워 ****-*호 (가산동)",서울특별시 금천구 가산동 ***-**,08504,2023-02-16,영업/정상
서울,홈플러스 시흥점 수족관,02-895-2080,"서울특별시 금천구 시흥대로 ***, 삼성홈플러스 지하 *층 (시흥동)",서울특별시 금천구 시흥동 ***-** 삼성홈플러스,08632,2023-07-05,영업/정상
서울,도그플러스동물병원,2069-0082,"서울특별시 영등포구 당산로 ** (문래동*가,삼성홈플러스빌딩 *층)",서울특별시 영등포구 문래동*가 **-* 삼성홈플러스빌딩 *층,,2009-03-20,영업/정상
서울,러브펫 동물병원,02-2634-8275,"서울특별시 영등포구 영중로 **, 타임스퀘어 지하층 B***호 (영등포동*가)",서울특별시 영등포구 영등포동*가 *** 타임스퀘어,07305,2009-09-15,영업/정상
서울,베이비몽,02-6180-0086,서울특별시 영등포구 영중로 ** (영등포동*가),서울특별시 영등포구 영등포동*가 **-*,07301,2020-04-20,영업/정상
서울,신풍,02-835-7572,서울특별시 영등포구 신길로 **(신길동),서울특별시 영등포구 신길동 ****,07436,2021-07-05,영업/정상
서울,비쇼네,6137-5236,"서울특별시 영등포구 국제금융로 **, 서울 국제금융 센터 비*동 엘*층 (여의도동)",서울특별시 영등포구 여의도동 ** 서울 국제금융 센터,07326,2022-06-16,영업/정상
서울,아이러브독 서초점,02-523-8077,서울특별시 서초구 서초대로 *** (방배동),서울특별시 서초구 방배동 ***-**,06661,2015-09-23,영업/정상
서울,언커먼독,02-1600-3466,"서울특별시 서초구 논현로*길 ** (양재동, 서초미르)",서울특별시 서초구 양재동 ***-*,06791,2016-12-07,영업/정상
서울,낭만고양이,02-3477-9005,"서울특별시 서초구 사평대로**길 **, *층 (반포동)",서울특별시 서초구 반포동 ***-**,06575,2017-08-17,영업/정상
서울,도그소사이어티,02-582-5998,"서울특별시 서초구 방배중앙로 **, ***호 (방배동)",서울특별시 서초구 방배동 ***-**,06680,2018-07-24,영업/정상
서울,잇츠그루밍타임,02-533-8086,"서울특별시 서초구 효령로 **, 효서빌딩 (방배동)",서울특별시 서초구 방배동 ***-** 효서빌딩,06687,2021-03-05,영업/정상
서울,슈퍼바우,1577-2711,"서울특별시 강남구 선릉로***길 **-*, *층 (신사동)",서울특별시 강남구 신사동 ***-* *층,06018,2012-10-18,영업/정상
서울,강아지마을2012,070-4001-3345,서울특별시 강남구 압구정로**길 ** (신사동),서울특별시 강남구 신사동,06028,2016-10-11,영업/정상
서울,멈미스,02-512-0401,"서울특별시 강남구 압구정로**길 **-*, *층 (청담동)",서울특별시 강남구 청담동 ***-**,06013,2016-10-18,영업/정상
서울,청담펫츠,02-548-8844,"서울특별시 강남구 선릉로 ***, 한솔빌딩 *층 (논현동)",서울특별시 강남구 논현동 ***-** 한솔빌딩 *층,06056,2019-10-21,영업/정상
서울,파이리코,02-6205-1188,"서울특별시 강남구 영동대로 ***, *층 브이***호 (삼성동, 삼성동 미켈란 ***)",서울특별시 강남구 삼성동 *** 삼성동 미켈란 ***,06083,2022-01-07,영업/정상
서울,PET WAVE,02-1551-1515,서울특별시 송파구 송파대로 *** (송파동),서울특별시 송파구 송파동 **-*,05625,2024-04-18,영업/정상
서울,유니온바이오메트릭스,02-6488-3147,"서울특별시 송파구 법원로 ***, 문정대명벨리온 ***호 (문정동)",서울특별시 송파구 문정동 ***-* 문정대명벨리온,05836,2025-05-15,영업/정상
서울,(주)로지스톤,02-400-1387,"서울특별시 송파구 동남로*길 *, 대전빌딩 *층 (문정동)",서울특별시 송파구 문정동 ** 대전빌딩,05805,2020-08-12,영업/정상
서울,야옹아멍멍해봐 송파위례점,02-3012-4400,"서울특별시 송파구 위례서로 ***, 위례제일주유소 *층 (거여동)",서울특별시 송파구 거여동 산 ** 위례제일주유소,05790,2020-08-25,영업/정상
서울,잠실 강아지분양 고양이분양 서리펫,1566-8713,"서울특별시 송파구 석촌호수로 ***, *층 (잠실동)",서울특별시 송파구 잠실동 ***-*,05566,2020-11-16,영업/정상
서울,잠실준25시동물병원,02-415-7580,서울특별시 송파구 석촌호수로 *** (삼전동),서울특별시 송파구 삼전동 **-*,05600,2008-10-21,영업/정상
서울,몰리스펫샵 코리아퍼피 가든점,070-8870-8245,"서울특별시 송파구 충민로 **, 지하*층 (문정동, 가든파이브툴)",서울특별시 송파구 문정동 *** 가든파이브툴 지하*층,05840,2011-07-01,영업/정상
서울,리얼허브애견카페,02-449-2700,서울특별시 송파구 동남로*길 ** (문정동),,05804,2016-08-16,영업/정상
서울,하트동물메디컬센터,02-424-2955,서울특별시 송파구 삼학사로 ** (삼전동),서울특별시 송파구 삼전동 ***-** 신일빌딩,05603,2017-11-22,영업/정상
서울,하치이야기,02-479-3385,서울특별시 강동구 양재대로**길 ** (성내동),서울특별시 강동구 성내동 ***-**,05403,2012-07-31,영업/정상
서울,로얄수족관,02-2690-7311,"서울특별시 강동구 천호대로 **** (천호동, 이마트)",서울특별시 강동구 천호동 ***-*,05328,2012-08-20,영업/정상
서울,멍멍이냥 강아지분양,02-470-4469,서울특별시 강동구 상암로 **-*(천호동),서울특별시 강동구 천호동 ***-**,05319,2016-04-18,영업/정상
서울,미소펫,02-486-4589,"서울특별시 강동구 양재대로 ****, c동 *층 (길동)",서울특별시 강동구 길동 ***-*,05343,2019-09-10,영업/정상
서울,포포앤미루 강동점,02-471-8825,"서울특별시 강동구 양재대로**가길 **, 키키빌딩 *층 (성내동)",서울특별시 강동구 성내동 ***-** 키키빌딩,05405,2022-11-30,영업/정상
서울,어바웃독,02-558-8077,"서울특별시 강동구 양재대로***길 **, ***호 (성내동)",서울특별시 강동구 성내동 ***-**,05374,2023-03-28,영업/정상
부산,부산강아지분양 고양이분양 베스트펫,051-245-9319,"부산광역시 중구 중앙대로 **-*, *~*층 (중앙동*가)",부산광역시 중구 중앙동*가 *,48957,2017-11-27,영업/정상
부산,한강아쿠아 롯데마트 광복점,031-527-4244,"부산광역시 중구 중앙대로 *, 롯데백화점광복점 *층 (중앙동*가)",부산광역시 중구 중앙동*가 **-* 롯데백화점광복점,48944,2018-12-12,영업/정상
부산,몽몽이애견미용,051-247-7767,부산광역시 서구 까치고개로 *** (토성동*가),,49224,2017-10-20,영업/정상
부산,두부네 애견카페,051-891-2688,부산광역시 부산진구 복지로 ** (개금동),부산광역시 부산진구 개금동 ***,47321,2014-06-26,영업/정상
부산,프라임도그 강아지분양 부산점,051-852-0545,부산광역시 부산진구 중앙대로 ***-** (양정동),부산광역시 부산진구 양정동 ***-*,47214,2015-02-16,영업/정상
부산,도그쇼 강아지분양 애견입양 부산본점,051-583-1500,부산광역시 부산진구 거제대로**번길 * (양정동),부산광역시 부산진구 양정동 ***-**,47214,2015-02-25,영업/정상
부산,펫스타샵,051-851-9777,"부산광역시 부산진구 거제대로 **, *층 (양정동)",,47214,2016-10-10,영업/정상
부산,프리미엄캣,051-804-0600,"부산광역시 부산진구 거제대로 *, *층 (양정동)",부산광역시 부산진구 양정동 ***-**,47215,2019-08-09,영업/정상
부산,착한 고양이,051-863-2779,부산광역시 부산진구 중앙대로 ***-* (양정동),부산광역시 부산진구 양정동 ***-**,47215,2023-06-08,영업/정상
부산,미스터독,051-867-3400,"부산광역시 부산진구 전포대로 *** (전포동,대우디오빌투상가)",부산광역시 부산진구 전포동 ***-* 대우디오빌투상가,,2011-11-16,영업/정상
부산,부산강아지분양 앨리펫,051-851-0011,부산광역시 부산진구 거제대로 ** (양정동),,47214,2013-04-22,영업/정상
부산,롯데마트 동래점,031-527-4244,"부산광역시 동래구 중앙대로 ****, 롯데마트 *층 (온천동)",부산광역시 동래구 온천동 ***-* 롯데마트,47727,2023-04-10,영업/정상
부산,그린펫,070-8725-7300,"부산광역시 동래구 명장로***번길 **, *층 (명장동)",부산광역시 동래구 명장동 ***-**,47778,2014-12-10,영업/정상
부산,그린펫 동래점,051-557-7311,"부산광역시 동래구 충렬대로***번길 **, *층 (명륜동)",부산광역시 동래구 명륜동 ***-**,47815,2022-09-02,영업/정상
부산,애견마트,051-621-6887,부산광역시 남구 동명로 ***-* (용호동),부산광역시 남구 용호동 ***-*,48566,2008-10-27,영업/정상
부산,아미고펫,051-612-4645,"부산광역시 남구 용소로*번길 **, *층 (대연동)",부산광역시 남구 대연동 **-**,48498,2018-09-17,영업/정상
부산,프루븐,051-632-1313,부산광역시 남구 수영로 *** (대연동),부산광역시 남구 대연동 ****-*,48445,2023-05-03,영업/정상
부산,애견하우스,051-628-2924,부산광역시 남구 석포로 **-* (감만동),부산광역시 남구 감만동,48490,2008-02-29,영업/정상
부산,롯데마트 화명점,051-806-8990,"부산광역시 북구 화명대로 **, 롯데마트 *층 (화명동)",부산광역시 북구 화명동 **** 롯데마트,46525,2012-06-21,영업/정상
부산,구포동물병원,051-332-1213,"부산광역시 북구 낙동대로 ****, *층 ***호 (구포동)",부산광역시 북구 구포동 ****-*,46503,2025-01-06,영업/정상
부산,로얄 수족관,051-608-1234,"부산광역시 해운대구 좌동순환로 ***, 이마트해운대점 *층 (중동)",부산광역시 해운대구 중동 **** 이마트해운대점,48096,2023-07-25,영업/정상
부산,망고키즈트라이랩 센텀점,051-522-2223,"부산광역시 해운대구 선수촌로**번길 **, 마린레포츠센터 지하*층 (반여동)",부산광역시 해운대구 반여동 ****-** 마린레포츠센터,48043,2023-11-06,영업/정상
부산,쁘띠몽,051-746-2009,"부산광역시 해운대구 좌동로**번길 *, *층 (중동)",부산광역시 해운대구 중동 ****-*,48102,2014-05-04,영업/정상
부산,스타독스,051-702-9311,"부산광역시 해운대구 해운대로 ***, ***호 (좌동, 파밀리에펄시티)",,48102,2015-11-13,영업/정상
부산,견우,051-731-0087,"부산광역시 해운대구 좌동로**번길 **, *층 (중동)",부산광역시 해운대구 중동 ***-*,48082,2017-07-17,영업/정상
부산,펫코스(Pet-cose),051-710-2002,"부산광역시 해운대구 해운대해변로***번길 **, *층 (중동)",부산광역시 해운대구 중동 ****-*,48096,2018-07-19,영업/정상
부산,키티앤퍼피,051-704-7581,"부산광역시 해운대구 해운대로 *** (우동, 해운대한솔솔파크)",부산광역시 해운대구 우동 ***-* 해운대한솔솔파크,48093,2019-05-21,영업/정상
부산,롯데마트 사하점 수족관,051-806-8991,부산광역시 사하구 을숙도대로 *** (장림동),부산광역시 사하구 장림동 ****-**** 롯데마트 사하점,,2012-05-15,영업/정상
부산,똥강아지,051-205-0223,부산광역시 사하구 낙동대로***번길 * (당리동),부산광역시 사하구 당리동 ***-**,49398,2018-09-10,영업/정상
부산,멍멍아 노~올자,051-526-0901,부산광역시 금정구 서동로 *** (서동),부산광역시 금정구 서동 ***,46318,2008-09-02,영업/정상
부산,펫미인,051-583-4144,부산광역시 금정구 금강로 ***-* (구서동),부산광역시 금정구 구서동 ***-**,46242,2018-07-05,영업/정상
부산,펫피플 스타필드명지점,051-990-0044,"부산광역시 강서구 명지국제*로 ***, 스타필드 시티 명지점 *층 ****호 (명지동)",부산광역시 강서구 명지동 **** 스타필드 시티 명지점,46726,2019-11-01,영업/정상
부산,개청순한고양이,051-866-0888,"부산광역시 연제구 반송로 **, ***동 ***호 (연산동, 연산동 일동 미라주 더 스타)",부산광역시 연제구 연산동 **** 연산동 일동 미라주 더 스타 ***동 ***호,47552,2018-04-17,영업/정상
부산,부산강아지분양 유독,051-711-6333,부산광역시 수영구 과정로**번길 ** (망미동),부산광역시 수영구 망미동 ***-**,48218,2025-02-24,영업/정상
부산,웰빙펫,051-759-5285,부산광역시 수영구 감포로**번길 ** (민락동),부산광역시 수영구 민락동 ***-**,,2010-07-19,영업/정상
부산,두두펫케어,051-755-1312,부산광역시 수영구 망미로*번길 ** (광안동),부산광역시 수영구 광안동 ****-**,48240,2018-06-12,영업/정상
부산,프란다스의 개,051-753-4490,"부산광역시 수영구 수영로***번길 **, 상가동 ***호 (광안동)",부산광역시 수영구 광안동 ***-* 상가동 ***호,48300,2018-09-06,영업/정상
부산,(주)바이오시스템아쿠아(롯데마트사상점),051-806-8991,부산광역시 사상구 낙동대로 *** (엄궁동),부산광역시 사상구 엄궁동 ***,47032,2012-06-20,영업/정상
부산,핑크애견,051-721-8188,부산광역시 기장군 기장읍 차성동로 **,부산광역시 기장군 기장읍 동부리 ***-*,46061,2009-05-25,영업/정상
부산,애견의 집,051-724-2755,부산광역시 기장군 기장읍 차성남로**번길 **,부산광역시 기장군 기장읍 대라리 ***-* 바다마을,46066,2023-01-12,영업/정상
부산,JY펫,051-902-0023,"부산광역시 기장군 기장읍 차성동로***번길 *, 엘림음악학원 *층",부산광역시 기장군 기장읍 교리 ***-* 엘림음악학원,46055,2025-12-04,영업/정상
대구,기역(ㄱ)유통,053-252-9133,대구광역시 중구 태평로 ** (태평로*가),대구광역시 중구 태평로*가 ***-*,41901,2015-08-27,영업/정상
대구,대구강아지분양 원펫,053-422-0250,"대구광역시 중구 달구벌대로 ****, *층 (봉산동)",대구광역시 중구 봉산동 ***-*,41943,2018-12-24,영업/정상
대구,앨리스동물병원,053-963-0775,"대구광역시 동구 안심로 ***, *동 ***호 (신서동)",대구광역시 동구 신서동 ***,41083,2025-08-13,영업/정상
대구,이쁘개귀엽개,070-8126-8761,"대구광역시 동구 국채보상로***길 **, ***동 ***호 (신천동, 우방푸른타운상가)",대구광역시 동구 신천동 ***-* 우방푸른타운상가 ***동 ***호,41267,2014-04-18,영업/정상
대구,엔젤퍼피,053-965-5979,대구광역시 동구 안심로**길 **-** (율하동),대구광역시 동구 율하동 ****,41106,2018-11-05,영업/정상
대구,젠틀펫,053-586-3512,대구광역시 서구 와룡로**길 ** (중리동),대구광역시 서구 중리동 ****-***,41843,2023-04-19,영업/정상
대구,미유펫대구 강아지분양고양이분양(도그플러스동물병원),053-314-0075,대구광역시 북구 동암로**길 * (동천동),대구광역시 북구 동천동 ***,,2008-12-24,영업/정상
대구,마리오펫,053-248-2858,"대구광역시 수성구 무학로**길 **, *층 (두산동)",대구광역시 수성구 두산동 ***-* *층,42174,2014-05-08,영업/정상
대구,딱지애견샵,053-763-6445,"대구광역시 수성구 수성로 ** (상동, 수성동일하이빌레이크시티아파트 상가 ***,***호)",,42166,2015-09-16,영업/정상
대구,러블리펫,053-795-7771,"대구광역시 수성구 달구벌대로 ****, 상가***동 *호 (신매동, 신매동 효성 백년가약 (청))",대구광역시 수성구 신매동 *** 신매동 효성 백년가약 (청) 상가***동 *호,42271,2019-02-18,영업/정상
대구,퍼피애견샵,053-782-7940,"대구광역시 수성구 지범로 **, *층 (지산동)",대구광역시 수성구 지산동 ****-**,42187,2025-09-02,영업/정상
대구,미니펫스토리,070-8779-5058,"대구광역시 달서구 송현동길 **, *층 (송현동)",대구광역시 달서구 송현동 ****-* *층,42740,2018-01-04,영업/정상
대구,아이러브독도,053-285-3434,"대구광역시 달서구 서당로*길 **, *층 (신당동)","대구광역시 달서구 신당동 ****-* , *층",42608,2018-09-25,영업/정상
대구,샤방샤방,053-285-7979,"대구광역시 달성군 현풍읍 테크노상업로 **, ***호",대구광역시 달성군 현풍읍 중리 ***,43017,2019-08-01,영업/정상
인천,(주)이마트 동인천점,032-451-1234,"인천광역시 중구 인중로 ***, 동인천이마트 (신생동)",인천광역시 중구 신생동 ** 동인천이마트,22324,2013-01-02,영업/정상
인천,강아지나라,032-762-1094,"인천광역시 중구 우현로 ** (내동, 피아투,강아지나라)",인천광역시 중구 내동 ***-*,22322,2017-10-25,영업/정상
인천,강아지나라,032-762-1094,"인천광역시 제물포구 우현로 ** (내동, 피아투,강아지나라)",인천광역시 제물포구 내동 ***-*,22322,2017-10-25,영업/정상
인천,주주클럽,032-777-4599,인천광역시 제물포구 송림로 *** (송림동),인천광역시 제물포구 송림동 **-**,22545,2018-05-08,영업/정상
인천,(주)이마트 동인천점,032-451-1234,"인천광역시 제물포구 인중로 ***, 동인천이마트 (신생동)",인천광역시 제물포구 신생동 ** 동인천이마트,22324,2013-01-02,영업/정상
인천,밍키애견,032-889-5001,인천광역시 제물포구 새천년로 ** (송림동),인천광역시 제물포구 송림동 **-**,22560,2009-04-01,영업/정상
인천,둥지애견,032-874-1555,인천광역시 미추홀구 인하로***번길 * (용현동),인천광역시 미추홀구 용현동 **-*,22210,2008-11-05,영업/정상
인천,토토애견,032-873-8015,인천광역시 미추홀구 제일로 ** (도화동),인천광역시 미추홀구 도화동 ***-**,22153,2009-08-13,영업/정상
인천,아지세상(애견샾),032-876-1253,인천광역시 미추홀구 경인로***번길 **-** (주안동),인천광역시 미추홀구 주안동 ***-*,22139,2016-09-29,영업/정상
인천,버디독 고양이분양 강아지분양 안심분양센터 인천점,070-4795-9394,"인천광역시 미추홀구 주안로 ***, *층 (주안동)",인천광역시 미추홀구 주안동 **-*,22134,2023-06-29,영업/정상
인천,홈플러스 인하점 수족관,032-763-2080,"인천광역시 미추홀구 소성로 *, 홈플러스 B*층 (학익동)",인천광역시 미추홀구 학익동 ***-** 홈플러스,22201,2024-02-05,영업/정상
인천,섹시독,032-834-0907,"인천광역시 연수구 컨벤시아대로 **, ***동 ***, ***호 (송도동, 푸르지오월드마크)","인천광역시 연수구 송도동 **-** 푸르지오월드마크 ***동 ***, ***호",22001,2012-05-09,영업/정상
인천,한강아쿠아 롯데마트 연수점,031-527-4244,"인천광역시 연수구 청능대로 ** (청학동, 롯데마트 연수점)",인천광역시 연수구 청학동 ***-*,21926,2012-08-17,영업/정상
인천,몽몽이하우스 인천연수점,032-822-8275,"인천광역시 연수구 청능대로 ***, 홈플러스 인천연수점 B*층 X*,YF호 (동춘동)",인천광역시 연수구 동춘동 *** 스퀘어원,21975,2018-12-03,영업/정상
인천,퍼피하우스 인천송도점,070-4197-9594,"인천광역시 연수구 신송로 ***-**, 대경스위트리아 ***호 (송도동)",인천광역시 연수구 송도동 **-** 대경스위트리아 ***호,22002,2022-05-09,영업/정상
인천,한강아쿠아영어조합법인 송도점,031-527-4244,"인천광역시 연수구 컨벤시아대로 ***, 롯데마트 *층 (송도동)",인천광역시 연수구 송도동 *-** 롯데마트 *층,21998,2023-01-03,영업/정상
인천,주식회사 우연컴퍼니,02-2038-8602,"인천광역시 연수구 테크노파크로***번길 *, 스타빌딩 ***-B**호 (송도동)",인천광역시 연수구 송도동 *-** 스타빌딩 ***호,21998,2023-05-15,영업/정상
인천,유앤미펫 강아지분양 고양이분양 인천본점,1670-2699,인천광역시 남동구 남동대로 *** (간석동),인천광역시 남동구 간석동 ***-*,21545,2017-04-21,영업/정상
인천,인천개공원 카페,032-461-6021,인천광역시 남동구 무네미로 ***-** (장수동),인천광역시 남동구 장수동 ***-*,21530,2018-10-12,영업/정상
인천,애견용품 창고형 할인매장,032-471-0289,인천광역시 남동구 인주대로 *** (만수동),인천광역시 남동구 만수동 ***-**,21589,2018-12-31,영업/정상
인천,인천강아지분양 고양이분양 도그마루,1566-8713,"인천광역시 남동구 앵고개로 ***, *층 ***, ***, ***호 (논현동)","인천광역시 남동구 논현동 ***-* *층 ***, ***, ***호",21673,2020-06-26,영업/정상
인천,퍼피월드,032-551-7896,"인천광역시 계양구 장제로 ****, 장기빌딩 *층 (장기동)",인천광역시 계양구 장기동 ***-* 장기빌딩,21007,2020-12-28,영업/정상
인천,자연동물병원,032-551-0975,"인천광역시 계양구 계양대로**번길 *, ***호 (작전동)",인천광역시 계양구 작전동 ***-* ***호,21120,2010-09-07,영업/정상
인천,베이비몽 강아지분양 인천청라점,032-561-9770,인천광역시 서해구 옥빛로*번안길 * (청라동),인천광역시 서해구 청라동 ***-**,22765,2018-06-07,영업/정상
인천,판다팜 서구신현점,032-572-9341,"인천광역시 서해구 가정로 ***, 서경 플러스 존 B**층 (신현동)",인천광역시 서해구 신현동 ***-* 서경 플러스 존,22778,2018-07-27,영업/정상
인천,우리동물병원,032-566-0075,"인천광역시 서해구 서곶로 ***, *층 (연희동)",인천광역시 서해구 연희동 ***-*,22722,2018-08-02,영업/정상
인천,헤르젠PH컷,032-577-0365,"인천광역시 서해구 고래울로 **, *층 (가좌동)",인천광역시 서해구 가좌동 ***-* *층,22813,2018-10-01,영업/정상
대전,투투펫,042-223-0922,대전광역시 중구 대흥로***번길 **(대흥동),대전광역시 중구 대흥동 *-*,34926,2022-06-29,영업/정상
대전,대전애견경매장,042-272-0454,대전광역시 중구 대흥로***번길 ** (대흥동),대전광역시 중구 대흥동 *-*,34926,2014-11-11,영업/정상
대전,데이즈,042-335-1139,대전광역시 중구 중앙로***번길 ** (은행동),대전광역시 중구 은행동 **-*,34923,2016-08-26,영업/정상
대전,하나로 플라워 수족관,042-581-2004,"대전광역시 중구 대둔산로***번길 **, *층 (안영동)",대전광역시 중구 안영동 *** *층,35084,2018-08-27,영업/정상
대전,강아지의 하루,042-581-2240,대전광역시 서구 정림동로*번길 ** (정림동),대전광역시 서구 정림동 ***,35396,2016-01-05,영업/정상
대전,도그웨이살롱,042-542-1799,"대전광역시 서구 관저북로**번길 **-** (관저동, 이솔하우스)",대전광역시 서구 관저동 ****,35360,2016-01-14,영업/정상
대전,하얀강아지,042-534-9393,"대전광역시 서구 갈마로 **, *층 (갈마동)",대전광역시 서구 갈마동 ***-**,35272,2019-02-07,영업/정상
대전,꽁냥꽁냥,070-4042-8433,"대전광역시 서구 관저남로**번길 **-**, ***호 (관저동)",대전광역시 서구 관저동 ****-*,35383,2021-11-25,영업/정상
대전,도미에르펫,042-488-0869,"대전광역시 서구 문정로***번길 **, ***호 (탄방동)",대전광역시 서구 탄방동 ***,35256,2025-07-30,영업/정상
대전,애니멀즈 강아지분양 고양이분양 대전점,042-824-8885,대전광역시 유성구 온천북로 **(봉명동),대전광역시 유성구 봉명동 ***-*,34185,2022-06-16,영업/정상
대전,송강애견,042-935-2929,대전광역시 유성구 구즉로 ** (송강동),대전광역시 유성구 송강동 **-*,34009,2008-05-02,영업/정상
대전,유성애견호텔,042-823-4274,대전광역시 유성구 유성대로***번길 **-** (장대동),대전광역시 유성구 장대동 ***-**,34136,2008-05-02,영업/정상
대전,해바라기 애견 퍼피하우스,042-825-8230,"대전광역시 유성구 유성대로 ***, *층 ***호 (장대동)",대전광역시 유성구 장대동 ***-*,34165,2011-11-02,영업/정상
대전,애견수족관,042-861-7778,대전광역시 유성구 은구비남로 ** (지족동),대전광역시 유성구 지족동 *** 열매마을 @ ***동 ***호,34085,2014-09-29,영업/정상
대전,강아지분양 더펫,1566-4944,대전광역시 유성구 온천동로 ** (봉명동),대전광역시 유성구 봉명동 ***-*,34185,2012-01-05,영업/정상
대전,프랜독(FRIENDOG),042-823-9959,대전광역시 유성구 유성대로***번길 * (장대동),대전광역시 유성구 장대동 ***-**,34173,2012-07-09,영업/정상
대전,서울아쿠아룸,042-541-0771,대전광역시 유성구 교촌로*번길 ** (교촌동),대전광역시 유성구 교촌동 ***-*,34225,2012-08-17,영업/정상
대전,서울아쿠아룸(홈플러스 유성점),042-841-2080,"대전광역시 유성구 한밭대로 *** (봉명동, 홈플러스 유성점)",대전광역시 유성구 봉명동 *** 홈플러스 유성점,34184,2014-09-29,영업/정상
대전,롯데마트 대덕점(한강아쿠아),042-930-2500,"대전광역시 유성구 테크노중앙로 ** (관평동, 롯데마트 대덕테크노밸리점)",대전광역시 유성구 관평동 *** 롯데마트 대덕테크노밸리점,34017,2012-09-03,영업/정상
대전,애니 멍,042-864-0959,대전광역시 유성구 전민로**번길 * (전민동),대전광역시 유성구 전민동 ***-*,34052,2015-05-01,영업/정상
대전,24시 대전동물의료센터,042-823-7559,"대전광역시 유성구 계룡로 ***, *층 (봉명동)",대전광역시 유성구 봉명동 ***-** *층,34187,2015-06-15,영업/정상
대전,센스펫(노은점),042-823-1682,대전광역시 유성구 노은동로 ** (노은동),대전광역시 유성구 노은동 ***,34091,2015-11-05,영업/정상
대전,멍멍이 집,042-545-8801,대전광역시 유성구 진잠로***번길 **-* (원내동),대전광역시 유성구 원내동 **-*,34227,2017-12-22,영업/정상
대전,서울아쿠아룸,042-541-0771,"대전광역시 유성구 유성대로 **-**, 롯데마트 서대전점 (원내동)",대전광역시 유성구 원내동 **-* 롯데마트 서대전점,34223,2018-01-26,영업/정상
대전,PETERRA,042-825-5602,"대전광역시 유성구 봉명서로 **-**, *층 (봉명동)",대전광역시 유성구 봉명동 ****-* *층,34190,2018-02-01,영업/정상
대전,똥싼강아지,042-823-9797,"대전광역시 유성구 대학로 **, *층 ***호 (봉명동)",대전광역시 유성구 봉명동 ***-*,34168,2026-03-20,영업/정상
대전,더펫(산타하우스),1566-4414,대전광역시 대덕구 계족로 *** (중리동),대전광역시 대덕구 중리동 ***-*,34422,2026-04-09,영업/정상
대전,카카오독,042-623-1203,대전광역시 대덕구 홍도로 *** (중리동),대전광역시 대덕구 중리동 ***-**,34428,2025-02-12,영업/정상
대전,우리애견,042-633-4748,대전광역시 대덕구 아리랑로***번길 *** (대화동),대전광역시 대덕구 읍내동 ***-**,,2008-06-27,영업/정상
대전,애견천국,042-931-8319,대전광역시 대덕구 신탄진로 *** (신탄진동),대전광역시 대덕구 신탄진동 ***-*,34311,2020-03-10,영업/정상
울산,꿀강아지,052-223-2721,울산광역시 남구 신복로**번길 ** (무거동),울산광역시 남구 무거동 ****-*,44603,2014-03-13,영업/정상
울산,멍 클레어,052-269-6678,울산광역시 남구 중앙로 *** (신정동),울산광역시 남구 신정동,44676,2016-02-01,영업/정상
울산,도그랜드,052-276-5500,"울산광역시 남구 삼산로 **-*, *층 (달동)",울산광역시 남구 달동 ***-*,44722,2021-09-02,영업/정상
울산,도그몬트 울산 강아지분양,052-265-2492,"울산광역시 남구 삼산로 ***, *층 (달동)",울산광역시 남구 달동 ***-*,44725,2026-06-09,영업/정상
울산,쿨펫,052-286-3567,"울산광역시 북구 신답로 **, 홈플러스 *층 (상안동)",울산광역시 북구 상안동 ***-*,44209,2018-07-03,영업/정상
울산,정철동물병원,052-287-0348,울산광역시 북구 진장**길 ** (진장동),울산광역시 북구 진장동 ***-*,44250,2018-09-17,영업/정상
울산,쿨펫동물병원 홈플러스북구점,052-227-8275,"울산광역시 북구 신답로 **, 홈플러스 (상안동)",울산광역시 북구 상안동 ***-* 홈플러스,44209,2024-08-07,영업/정상
울산,알프경매장,052-254-3310,"울산광역시 울주군 삼남면 중남로 **, *층",울산광역시 울주군 삼남면 가천리 **,44953,2018-01-26,영업/정상
경기,애견백화점,031-256-5090,경기도 수원시 팔달구 정조로 *** (장안동),경기도 수원시 팔달구 장안동 **-*,16252,2008-07-14,영업/정상
경기,펫독 강아지고양이분양 미용,031-698-6821,"경기도 수원시 권선구 세권로 ***, ***호 (세류동, 해피하임아파트)",경기도 수원시 권선구 세류동 ****-* 해피하임아파트 ***호,16579,2010-10-25,영업/정상
경기,(주)밀레펫 서수원점,031-485-5820,경기도 수원시 권선구 수인로 *** (구운동),경기도 수원시 권선구 구운동 ***,,2012-08-24,영업/정상
경기,(주)밀레펫 수원점,031-485-5820,"경기도 수원시 권선구 경수대로 ***, *층 (권선동)",경기도 수원시 권선구 권선동 ****,16585,2012-08-24,영업/정상
경기,쿨펫동물병원,031-237-1175,경기도 수원시 권선구 동수원로 *** (권선동),경기도 수원시 권선구 권선동 ****-* 롯데마트 권선점 *층,16553,2014-03-07,영업/정상
경기,수원강아지분양 고양이분양 아이러브독 말티즈말티푸미니비숑,031-204-2357,경기도 수원시 영통구 반달로 ** (영통동),경기도 수원시 영통구 영통동 ****-* *층,16705,2015-08-21,영업/정상
경기,펫츠랑,031-226-1515,"경기도 수원시 권선구 정조로 ***, *층 (세류동)",경기도 수원시 권선구 세류동 ***-*,16577,2016-10-14,영업/정상
경기,해피주 수원점,031-546-0980,"경기도 수원시 장안구 대평로**번길 **, 라이프스포츠 수원 ***,***(일부)호 (정자동)",경기도 수원시 장안구 정자동 ***-* 라이프스포츠 수원,16334,2019-11-22,영업/정상
경기,해피펫클럽,031-234-2001,"경기도 수원시 팔달구 중부대로**번길 **, *,*층 (인계동)",경기도 수원시 팔달구 인계동 ***-**,16470,2020-01-02,영업/정상
경기,수원시바견,031-303-9525,경기도 수원시 팔달구 정조로***번길 ** (매교동),경기도 수원시 팔달구 매교동 **-*,16465,2021-07-15,영업/정상
경기,아가마미 고양이카페,031-203-4075,"경기도 수원시 영통구 청명남로 **, 거성빌딩 *층 ***호 (영통동)",경기도 수원시 영통구 영통동 ****-** 거성빌딩 ***호,16705,2023-03-10,영업/정상
경기,아마존,031-714-5530,"경기도 성남시 분당구 금곡로 ***, ***호 (금곡동)",경기도 성남시 분당구 금곡동 ***,13617,2014-07-22,영업/정상
경기,우정앤독스,070-4202-7788,경기도 성남시 분당구 발이봉북로**번길 * (수내동),경기도 성남시 분당구 수내동 ***-*,13601,2014-11-26,영업/정상
경기,몽땅 펫샾,070-5035-0760,경기도 성남시 수정구 수정남로***번길 * (산성동),경기도 성남시 수정구 산성동 ***,13123,2015-02-12,영업/정상
경기,비포유,031-715-2298,"경기도 성남시 분당구 성남대로 ***, ***호 (정자동, 시그마타워)",경기도 성남시 분당구 정자동 **-*,13558,2015-05-01,영업/정상
경기,멍스터,8016-5359,경기도 성남시 분당구 운중로***번길 *-* (판교동),경기도 성남시 분당구 판교동 ***-*,13477,2015-09-23,영업/정상
경기,해피애견타운 분당판교점,031-713-3210,경기도 성남시 분당구 백현로***번길 *-* (정자동),경기도 성남시 분당구 정자동 **-**,13609,2015-10-12,영업/정상
경기,마쵸,031-723-9567,"경기도 성남시 중원구 광명로***번길 **, *층 (성남동)",경기도 성남시 중원구 성남동 ****,13362,2015-12-23,영업/정상
경기,도그스101,031-701-7942,경기도 성남시 분당구 안양판교로****번길 ** (백현동),,13539,2016-09-02,영업/정상
경기,펫 파라다이스,070-8840-8182,"경기도 성남시 분당구 백현로 *** (정자동, 정자I PARK)",경기도 성남시 분당구 정자동 **,13596,2016-12-13,영업/정상
경기,(주)펫꼬뺑이,02-6457-8000,경기도 성남시 수정구 오야남로**번길 **-* (오야동),,13100,2017-09-06,영업/정상
경기,한빛,070-8888-9830,"경기도 성남시 수정구 시민로 ***, ***호 (신흥동)",경기도 성남시 수정구 신흥동 ****,13347,2017-09-11,영업/정상
경기,러빈펫(lovin pet),070-7756-2986,"경기도 성남시 분당구 운중로***번길 **-*, *층 (판교동)",경기도 성남시 분당구 판교동 ***-*,13477,2018-01-31,영업/정상
경기,행복한강아지,031-755-8384,"경기도 성남시 수정구 탄리로**번길 *, *층 (태평동)",경기도 성남시 수정구 태평동 ****-* *층,13288,2018-06-25,영업/정상
경기,서울동물병원,031-733-1119,경기도 성남시 중원구 희망로 *** (금광동),경기도 성남시 중원구 금광동 *,13180,2018-07-30,영업/정상
경기,퍼피블러썸,070-4119-3355,"경기도 성남시 분당구 판교역로**번길 **, *층 (백현동)",경기도 성남시 분당구 백현동 ***-*,13536,2019-04-12,영업/정상
경기,중앙동물병원,031-755-9429,"경기도 성남시 수정구 수정로 ***, *층 (태평동)",경기도 성남시 수정구 태평동 ****,13305,2019-08-20,영업/정상
경기,바우스토리,031-756-5882,"경기도 성남시 수정구 위례서일로*길 *-**, *층 (창곡동)",경기도 성남시 수정구 창곡동 ***-**,13647,2019-09-17,영업/정상
경기,아인츠독 강아지애견분양 성남위례본점,031-757-4885,"경기도 성남시 수정구 위례서일로*길 *-**, *층 ***호 (창곡동)",경기도 성남시 수정구 창곡동 ***-* ***호,13647,2019-12-26,영업/정상
경기,반하다펫,031-713-4552,"경기도 성남시 분당구 불곡로 *, 리더스프라자 *층 ***호 (정자동)",경기도 성남시 분당구 정자동 ***-* 리더스프라자,13604,2020-07-02,영업/정상
경기,플란다스의 개,031-718-4552,"경기도 성남시 분당구 불곡로 *, ***호 (정자동,리더스프라자)",경기도 성남시 분당구 정자동 ***-* 리더스프라자 ***호,,2010-09-09,영업/정상
경기,펫다방,070-4632-3239,"경기도 성남시 수정구 시민로 ***, *층 (신흥동)",경기도 성남시 수정구 신흥동 ****,13352,2025-09-19,영업/정상
경기,마이 프렌즈,8017-7708,경기도 성남시 분당구 판교역로**번길 **-* (백현동),경기도 성남시 분당구 백현동 ***-*,,2011-10-26,영업/정상
경기,프라임 도그,070-8639-2098,경기도 성남시 분당구 동판교로**번길 **-* (백현동),경기도 성남시 분당구 백현동 ***-*,,2012-01-12,영업/정상
경기,이리온동물병원 아브뉴프랑 판교점,031-8017-6125,"경기도 성남시 분당구 동판교로***번길 ** (삼평동, 판교 호반 써밋 플레이스)",경기도 성남시 분당구 삼평동 ***,13525,2013-03-13,영업/정상
경기,사랑해줄개,031-713-1366,"경기도 성남시 분당구 내정로**번길 *-**, ***호 (정자동, 금산파킹프라자)",경기도 성남시 분당구 정자동 *** 금산파킹프라자 ***호,13612,2013-03-24,영업/정상
경기,달려라 바우,070-4643-1302,"경기도 성남시 분당구 분당로***번길 **, ***호 (서현동, 효자촌 분산상가 )",경기도 성남시 분당구 서현동 ***,13586,2013-04-12,영업/정상
경기,젠동물병원,031-752-0075,"경기도 성남시 분당구 양현로 ***, *층 (야탑동)",경기도 성남시 분당구 야탑동 ***-*,13501,2013-11-11,영업/정상
경기,꽃강아지,031-701-2770,"경기도 성남시 분당구 양현로**번길 *, ***호 (이매동)",경기도 성남시 분당구 이매동 ***-*,13568,2014-04-08,영업/정상
경기,베스트 의정부 애견 미용학원,031-821-2066,경기도 의정부시 태평로 ** (의정부동),,11697,2016-01-18,영업/정상
경기,데일리독 의정부강아지분양 애견분양,031-878-6319,"경기도 의정부시 시민로 **, 센트럴타워 *층 ***,***,***,***호 (의정부동)",경기도 의정부시 의정부동 *** 센트럴타워,11651,2019-03-26,영업/정상
경기,펫캐슬 의정부 강아지분양 고양이분양 애견샵,031-846-8255,경기도 의정부시 호국로 ****(의정부동),경기도 의정부시 의정부동 ***-*,11692,2021-10-28,영업/정상
경기,베리독 강아지 고양이 의정부점,031-848-2230,"경기도 의정부시 시민로***번길 **, *층 (의정부동)",경기도 의정부시 의정부동 ***-*,11695,2022-09-06,영업/정상
경기,의정부 강아지분양 고양이분양 애견분양 펫하임 의정부본점,031-843-4200,"경기도 의정부시 행복로 **, *, *층 (의정부동)","경기도 의정부시 의정부동 ***-** *, *층",11692,2025-06-10,영업/정상
경기,안양애견,031-448-9339,경기도 안양시 만안구 안양로***번길 * (안양동),경기도 안양시 만안구 안양동 ***-**,13991,2008-09-03,영업/정상
경기,럭셔리애견사랑,031-444-0724,경기도 안양시 만안구 안양로 *** (안양동),경기도 안양시 만안구 안양동 ***-***,13991,2011-06-21,영업/정상
경기,이즈펫 강아지분양 고양이분양 본점,031-458-8282,"경기도 안양시 만안구 안양로 ***, *층 (안양동)",경기도 안양시 만안구 안양동 ***-**,13988,2011-11-25,영업/정상
경기,스타독,031-465-3188,"경기도 안양시 만안구 만안로 ***, *층 (안양동)",경기도 안양시 만안구 안양동 ***-* *층,13992,2013-11-14,영업/정상
경기,베베캣 고양이,031-387-2080,"경기도 안양시 동안구 관악대로 ***-*, *층 (관양동)",경기도 안양시 동안구 관양동 ****-** *층,13937,2017-06-23,영업/정상
경기,웰니스(평촌),031-382-0011,"경기도 안양시 동안구 시민대로 ***, 이마트평촌점 지하*층 (관양동)",경기도 안양시 동안구 관양동 **** 이마트평촌점,14066,2018-03-20,영업/정상
경기,힐링주,031-340-4411,"경기도 안양시 동안구 시민대로***번길 *, W에이스타워 ***호, ***호 (관양동)",경기도 안양시 동안구 관양동 ****-* W에이스타워,14055,2020-01-28,영업/정상
경기,평촌동물병원,031-384-9505,"경기도 안양시 동안구 평촌대로 ***, 평촌트윈마트 ***호 일부, ***호 일부호 (평촌동)","경기도 안양시 동안구 평촌동 ***-* 평촌트윈마트 ***호 일부, ***호 일부호",14103,2025-05-30,영업/정상
경기,미니펫 강아지분양 고양이분양 부천점,032-326-8990,"경기도 부천시 원미구 길주로 ***, ***호 (중동, 에스티마오피스텔)",,14537,2015-11-09,영업/정상
경기,예쁘개,032-671-0097,"경기도 부천시 오정구 역곡로***번길 **, *층 (고강동)",경기도 부천시 오정구 고강동 ***-*,14407,2023-12-04,영업/정상
경기,로얄수족관,032-718-1052,,경기도 부천시 원미구 중동 ****,,2012-10-24,영업/정상
경기,가가동물원,02-2615-1021,경기도 광명시 아방리*길 ** (노온사동),경기도 광명시 노온사동 ***-*,14335,2012-08-03,영업/정상
경기,광명 꽃 수족관,02-2625-6004,"경기도 광명시 오리로 ***, 크로앙스 지하*층 (광명동)",경기도 광명시 광명동 ***-** 크로앙스,14220,2012-08-29,영업/정상
경기,데코스,02-2067-8955,"경기도 광명시 오리로 ***, 크로앙스 지하*층 (광명동)",경기도 광명시 광명동 ***-** 크로앙스,14220,2012-08-29,영업/정상
경기,내품안의반려견광명점,070-7809-7771,"경기도 광명시 금하로 ***, 비앤팰리스 *층 ***호 (소하동)",경기도 광명시 소하동 **-**,14314,2022-09-23,영업/정상
경기,로얄 수족관,02-6918-1234,"경기도 광명시 소하로 **, 이마트 소하점 *층 (소하동)",경기도 광명시 소하동 ****-*,14316,2023-08-16,영업/정상
경기,주식회사 우연컴퍼니,02-2038-8602,"경기도 광명시 오리로 ***, 창업지원센터 ***호 (소하동)",경기도 광명시 소하동 ****-* 창업지원센터 ***호,14327,2024-01-16,영업/정상
경기,마루네 애견사랑,031-664-1010,경기도 평택시 송탄로 *** (서정동),경기도 평택시 서정동,17777,2015-06-17,영업/정상
경기,펫 프렌즈,031-668-7955,경기도 평택시 송탄로 *** (지산동),경기도 평택시 지산동 ***-**,17756,2015-08-24,영업/정상
경기,작은동물원,031-651-8979,경기도 평택시 평택로 ** (평택동),경기도 평택시 평택동 **-**,,2008-07-10,영업/정상
경기,(주)밀레펫(이마트평택점),031-371-1052,경기도 평택시 영신로 ** (동삭동),경기도 평택시 지제동 **,,2012-08-16,영업/정상
경기,야옹아 멍멍해봐,031-668-3330,경기도 평택시 은실고가길 *** (세교동),경기도 평택시 세교동 ***,17825,2014-04-04,영업/정상
경기,롯데마트 동두천점(한강아쿠아),031-527-4244,경기도 동두천시 평화로****번길 ** (송내동),경기도 동두천시 송내동 ***,11355,2012-09-03,영업/정상
경기,현대애견,031-865-5393,"경기도 동두천시 큰시장로 **, 고려빌딩 (생연동)",경기도 동두천시 생연동 ***-* 고려빌딩,11333,2017-12-15,영업/정상
경기,아이러브퍼피,031-866-9877,"경기도 동두천시 강변로 ***, 송내아이파크상가 ***호 (송내동)",경기도 동두천시 송내동 ***-* 송내아이파크상가,11353,2020-06-08,영업/정상
경기,웰니스동물병원,031-414-1275,"경기도 안산시 상록구 항가울로 ***, 롯데마트 *층 (성포동)",경기도 안산시 상록구 성포동 *** 롯데마트,15299,2024-07-03,영업/정상
경기,주식회사 와글,031-481-8599,"경기도 안산시 단원구 광덕*로 ***, *층 (고잔동)",경기도 안산시 단원구 고잔동 ***-*,15465,2025-01-20,영업/정상
경기,허브애견,031-414-8885,경기도 안산시 단원구 선부로 *** (와동),경기도 안산시 단원구 와동 ***-*,15253,2009-08-12,영업/정상
경기,(주) 가나펫,031-402-4060,"경기도 안산시 단원구 중앙대로 ***, *층 (고잔동, 롯데프라자)",경기도 안산시 단원구 고잔동 ***-* 롯데프라자 *층,15360,2009-12-31,영업/정상
경기,(주)밀레펫(이마트고잔점),031-485-5820,경기도 안산시 단원구 원포공원*로 ** (초지동),경기도 안산시 단원구 초지동 ***-*,,2012-08-13,영업/정상
경기,한강아쿠아 롯데마트 안산점,031-572-7754,"경기도 안산시 상록구 충장로 ***, 롯데마트 (성포동)",경기도 안산시 상록구 성포동 *** 주유소,15299,2012-08-14,영업/정상
경기,해피애견,031-419-3377,"경기도 안산시 상록구 샘골로 ***, ***호 (본오동)",경기도 안산시 상록구 본오동 ***-* ***호,15541,2014-07-24,영업/정상
경기,컴페니언펫,070-4202-0890,"경기도 안산시 상록구 광덕*로 ***, ***호 (이동)",경기도 안산시 상록구 이동 ***,15489,2016-06-22,영업/정상
경기,안산 요미독앤캣 강아지분양 고양이분양,031-403-0509,"경기도 안산시 상록구 석호로 **, 지승빌딩 *층 (이동)",경기도 안산시 상록구 이동 ***-* 지승빌딩,15496,2018-01-17,영업/정상
경기,(주)펫콤,031-8042-2888,"경기도 안산시 단원구 엠티브이*로 ***, 동신엔지니어링 (목내동)",경기도 안산시 단원구 목내동 ***-* 동신엔지니어링,15658,2020-02-20,영업/정상
경기,화이트 버블,02-381-3327,"경기도 고양시 덕양구 삼원로*길 **, B층 ***호 (삼송동)",경기도 고양시 덕양구 삼송동 ***-* B층 ***호,10550,2016-09-02,영업/정상
경기,미뇽 캣,031-814-7749,경기도 고양시 일산동구 무궁화로***번길 ** (정발산동),경기도 고양시 일산동구 정발산동 ****-*,10358,2017-03-29,영업/정상
경기,바비펫샵,031-979-9798,"경기도 고양시 덕양구 서정마을로 *, ***호 (행신동, 행신프라자)",경기도 고양시 덕양구 행신동 **** ***호,10486,2017-07-05,영업/정상
경기,일산강아지분양고양이분양 도그마루,1566-8713,"경기도 고양시 일산동구 정발산로**번길 **, 라이저 오피스텔 *층 ***,***,***호 (장항동)",경기도 고양시 일산동구 장항동 *** 라이저 오피스텔,10403,2019-07-30,영업/정상
경기,골든햄스터분양 탬펫,02-3158-2491,"경기도 고양시 덕양구 꽃마을로 *, 고양향동 퍼스트타워 ***호 (향동동)",경기도 고양시 덕양구 향동동 *** 고양향동 퍼스트타워 ***호,10546,2021-05-14,영업/정상
경기,동물의왕국(신원당동물병원 부속),031-963-0075,"경기도 고양시 덕양구 호국로***번길 **, 덕산빌딩 *층 (성사동)",경기도 고양시 덕양구 성사동 ***-* 덕산빌딩,10464,2024-05-09,영업/정상
경기,스틸블루 애견샵,031-919-8910,,경기도 고양시 일산서구 대화동 **** 하나로프라자 ***호,,2009-05-25,영업/정상
경기,한강아쿠아 (롯데마트 화정점),031-527-4244,경기도 고양시 덕양구 화중로 ** (화정동),경기도 고양시 덕양구 화정동 ***,,2012-08-29,영업/정상
경기,아쿠아 오리지널-롯데마트 구리점,031-711-7785,경기도 구리시 동구릉로***번길 ** (인창동),경기도 구리시 인창동 ***,,2012-11-06,영업/정상
경기,댕댕러브펫,031-557-6767,경기도 구리시 장자대로**번길 ** (수택동),경기도 구리시 수택동 ***-* 새롬프라자**차 ***호,11948,2014-09-03,영업/정상
경기,스타트독 구리점,031-555-8666,"경기도 구리시 체육관로 ***, *층 (교문동)",경기도 구리시 교문동 ***-**,11925,2016-05-04,영업/정상
경기,사랑해줄개,031-527-7077,"경기도 남양주시 두물로**번길 **, *층 (별내동)",경기도 남양주시 별내동 ***-*,12105,2026-07-01,영업/정상
경기,(주)밀레펫,031-590-1234,"경기도 남양주시 늘을*로 **, 남양주 호평이마트 (호평동)",경기도 남양주시 호평동 *** 남양주 호평이마트,12149,2012-08-27,영업/정상
경기,롯데마트 덕소점,031-579-7700,경기도 남양주시 와부읍 월문천로 ** (롯데마트),경기도 남양주시 와부읍 덕소리 ***-* 롯데마트,,2012-08-28,영업/정상
경기,한강아쿠아 롯데마트 마석점,031-527-4244,경기도 남양주시 화도읍 경춘로 **** (롯데마트 *층),경기도 남양주시 화도읍 마석우리 ***-** 롯데마트 *층,12181,2012-08-28,영업/정상
경기,로얄수족관,031-550-1234,경기도 남양주시 순화궁로 *** (별내동),경기도 남양주시 별내동 ***,12113,2013-08-07,영업/정상
경기,러블리 하우스,031-574-5899,"경기도 남양주시 별내중앙로 ** (별내동, 동익미라벨 **-*)",경기도 남양주시 별내동 ****,12111,2013-10-25,영업/정상
경기,나라애견,031-521-3888,경기도 남양주시 와부읍 수레로 **,경기도 남양주시 와부읍 덕소리 ***-**,12209,2018-10-04,영업/정상
경기,맘스펫 다산애견미용 호텔 분양,031-552-7978,"경기도 남양주시 다산순환로 ***, 다산 아이파크 상가 ***호 (다산동)",경기도 남양주시 다산동 **** 다산 아이파크 상가,12285,2022-06-30,영업/정상
경기,(주)밀레펫,031-369-7052,경기도 오산시 경기대로 *** (원동),경기도 오산시 원동 ***-*,,2012-09-03,영업/정상
경기,베스트피쉬 수족관,031-378-7885,경기도 오산시 대원로**번길 ** (오산동),경기도 오산시 오산동 ***-**,,2012-10-08,영업/정상
경기,경기동물메디컬센터,031-375-8875,"경기도 오산시 운천로 *, *층 (원동, 경기동물메디컬센터)",경기도 오산시 원동 ***-*,18140,2014-07-18,영업/정상
경기,개꿈꾸는 고양이,031-378-0907,경기도 오산시 궐리사로**번길 ** (궐동),경기도 오산시 궐동 ***-*,18120,2014-11-04,영업/정상
경기,도그매니져,031-376-8255,"경기도 오산시 여계산로 ** (금암동, 휴먼시아 데시앙APT 단지내상가 ***호)",경기도 오산시 금암동 *** 휴먼시아 데시앙APT 단지내상가 ***호,18109,2015-01-16,영업/정상
경기,러블리캣,031-373-8197,경기도 오산시 청학로 ***-* (궐동),경기도 오산시 궐동 ***-*,18118,2016-10-19,영업/정상
경기,퍼피앤유,031-374-7007,경기도 오산시 경기대로 *** (원동),경기도 오산시 원동 ***-*,18143,2018-08-10,영업/정상
경기,연성애견백화점,031-317-6885,"경기도 시흥시 장곡로**번길 **, ***동 ***호 (장곡동)",경기도 시흥시 장곡동 ***-* ***동 ***호,15002,2011-05-16,영업/정상
경기,정왕동 애견용품 창고형 할인매장(비제이코리아),031-520-0289,"경기도 시흥시 오동마을로*번길 *, ***호 (정왕동)",경기도 시흥시 정왕동 ****-* ***호,15049,2014-09-17,영업/정상
경기,(주)밀레펫,031-485-5820,"경기도 시흥시 거북섬북로 **, 아쿠아펫랜드 C동 *층 ***호 (정왕동)",경기도 시흥시 정왕동 **** 아쿠아펫랜드,15119,2023-08-04,영업/정상
경기,비타민 동물병원,031-432-9119,"경기도 시흥시 배곧*로 **-**, 광장프라자 *층 ***호 (배곧동)",경기도 시흥시 배곧동 *** 광장프라자,15010,2024-04-01,영업/정상
경기,컨트리애견의집,031-394-0514,"경기도 군포시 번영로 ***, *층 *호 (산본동, 유화프라자빌딩)",경기도 군포시 산본동 ****-* 유화프라자 *층 *호,15865,2008-07-11,영업/정상
경기,프로펫 애견샵,031-393-7079,"경기도 군포시 번영로 ***, *층 ***호 (금정동, 거성프라자)",경기도 군포시 금정동 ***-** 거성프라자 ***호,15828,2011-04-26,영업/정상
경기,펫가든 동물병원,031-422-4475,경기도 의왕시 계원대학로 * (내손동),경기도 의왕시 내손동 ***,,2013-06-24,영업/정상
경기,밀크독 켄넬 앤 카페 강아지분양 하남미사점,031-792-5956,"경기도 하남시 미사강변중앙로 ***, *층 ***호 (망월동)",경기도 하남시 망월동 ****-*,12913,2019-06-19,영업/정상
경기,멍냥이 곳간,031-793-6359,"경기도 하남시 신장동로 **, ***호 (신장동)",경기도 하남시 신장동 ***-* ***호,12948,2022-08-16,영업/정상
경기,블리스대디(Bully's daddy),070-4919-1248,"경기도 하남시 미사강변동로 **, 힐스테이트 에코 미사 *층 ***호 (망월동)",경기도 하남시 망월동 **** 힐스테이트 에코 미사,12913,2025-01-17,영업/정상
경기,펫파크 동백점,031-275-8833,경기도 용인시 기흥구 동백중앙로 *** (중동),경기도 용인시 기흥구 중동 ***-*,17006,2018-09-28,영업/정상
경기,웰니스클리닉동물병원,031-283-1357,"경기도 용인시 기흥구 용구대로 ****, 이마트트레이더스 구성점 *층 (보정동)",경기도 용인시 기흥구 보정동 ****-*** 이마트트레이더스 구성점,16907,2019-05-03,영업/정상
경기,멍스라이프,031-281-5004,"경기도 용인시 기흥구 구성로***번길 **, *층 (청덕동)",경기도 용인시 기흥구 청덕동 ***-*,16914,2020-03-02,영업/정상
경기,하얀개마을,031-334-3336,"경기도 용인시 처인구 중부대로 ****, *층 (김량장동)",경기도 용인시 처인구 김량장동 ***,17062,2026-08-18,영업/정상
경기,롯데마트 신갈점,031-527-4244,"경기도 용인시 기흥구 중부대로 ***, *층 *호 (신갈동, 기흥역 롯데캐슬스카이)",경기도 용인시 기흥구 신갈동 ** 기흥역 롯데캐슬스카이,17064,2024-12-11,영업/정상
경기,(주)이마트 수지점,031-270-1052,경기도 용인시 수지구 수지로 *** (신봉동),경기도 용인시 수지구 신봉동 ***,16845,2012-08-16,영업/정상
경기,퍼피데일리,070-8248-3070,"경기도 용인시 수지구 이종무로 **, *층 (고기동)",경기도 용인시 수지구 고기동 ***,16800,2022-02-25,영업/정상
경기,펫웨이브 광교지점,1551-1515,경기도 용인시 수지구 광교중앙로***번길 ** (상현동),"경기도 용인시 수지구 상현동 ****-* B동 ***,***호",16944,2025-06-16,영업/정상
경기,(주)밀레펫,031-485-5820,경기도 용인시 처인구 명지로 ** (역북동),경기도 용인시 처인구 역북동 ***-*,17057,2013-10-22,영업/정상
경기,코기빌,031-321-3322,경기도 용인시 처인구 양지읍 죽양대로 ****,경기도 용인시 처인구 양지읍 양지리 *** 외 *필지(***-*),17158,2014-03-21,영업/정상
경기,아로하스토리,031-526-0596,경기도 용인시 처인구 이동읍 백자로 ***-*,경기도 용인시 처인구 이동읍 서리 ***-*,17126,2022-03-28,영업/정상
경기,야옹아멍멍해봐 용인남동점,031-338-0079,"경기도 용인시 처인구 백옥대로 ****, *층 ***호 (남동)",경기도 용인시 처인구 남동 *-*,17063,2023-08-18,영업/정상
경기,쿨펫동물병원,031-679-0551,"경기도 용인시 기흥구 동백죽전대로 ***, 쥬네브썬월드빌딩 (중동)","경기도 용인시 기흥구 중동 *** 쥬네브썬월드빌딩 b***,***호",17006,2008-03-24,영업/정상
경기,으르렁애견카페,031-947-1981,"경기도 파주시 미래로 ***-**, *층 (동패동)",경기도 파주시 동패동 ****-*,10905,2015-10-22,영업/정상
경기,파주24시동물병원,031-944-5575,경기도 파주시 교하로 ** (목동동),,10892,2017-02-20,영업/정상
경기,놀면묘하냥 고양이카페,070-8770-7353,"경기도 파주시 가람로**번길 **-**, *층 (와동동)",경기도 파주시 와동동 ****,10870,2022-10-13,영업/정상
경기,헤이뚜뚜,031-946-3999,"경기도 파주시 산내로*번길 **-**, *층 (목동동)",경기도 파주시 목동동 ****-*,10900,2023-02-08,영업/정상
경기,우리들의 댕댕이,070-7766-0703,"경기도 파주시 중앙로 ***, ***호 (금촌동, 동현아파트)",경기도 파주시 금촌동 ***-* 동현아파트,10932,2024-11-14,영업/정상
경기,하이몽,031-635-5775,경기도 이천시 서희로 ** (창전동),경기도 이천시 창전동 ***-**,17364,2016-04-07,영업/정상
경기,아이펫,031-638-4520,경기도 이천시 경충대로****번길 * (진리동),,17391,2009-01-30,영업/정상
경기,냥냥펀치,031-634-1119,경기도 이천시 경충대로****번길 ** (중리동),경기도 이천시 중리동 ***-*,17377,2019-05-20,영업/정상
경기,펫플러스라이프,031-634-0338,"경기도 이천시 부발읍 경충대로 ****, *층",경기도 이천시 부발읍 신하리 ***-*,17331,2020-03-06,영업/정상
경기,롯데마트 이천점,031-8011-2500,"경기도 이천시 구만리로 ***, 지하*층 (안흥동, 이천 롯데캐슬 골드스카이)",경기도 이천시 안흥동 *** 이천 롯데캐슬 골드스카이,17372,2022-09-21,영업/정상
경기,로얄수족관,02-2690-7311,경기도 안성시 중앙로 *** (석정동),경기도 안성시 석정동 ***-*,,2012-09-28,영업/정상
경기,롯데마트안성점쿨펫,031-618-7533,경기도 안성시 공도읍 서동대로 **** (롯데마트),경기도 안성시 공도읍 양기리 ***,17558,2014-09-15,영업/정상
경기,하이몽,031-985-1259,"경기도 김포시 모담공원로 **, 상가동 ***호 (운양동, 한강신도시 반도유보라 *차)",경기도 김포시 운양동 ****-* 한강신도시 반도유보라 *차,10078,2019-02-21,영업/정상
경기,라이프독,031-988-6311,"경기도 김포시 김포한강*로 *, ***호 (장기동)",경기도 김포시 장기동 ****-*,10090,2019-03-28,영업/정상
경기,자랑하개,031-988-0881,경기도 김포시 대곶면 대명항로 ***,경기도 김포시 대곶면 대명리 ***-*,10040,2020-10-12,영업/정상
경기,꽃보다 개,070-7377-1022,경기도 김포시 고촌읍 은행영사정로**번길 **-*,경기도 김포시 고촌읍 신곡리 ****,10125,2012-12-06,영업/정상
경기,pet for you,070-7333-3311,경기도 김포시 양촌읍 양곡*로 *-*,경기도 김포시 양촌읍 구래리 ***-*,10059,2013-05-06,영업/정상
경기,한강아쿠아 롯데마트 김포한강점,02-2685-3485,"경기도 김포시 김포한강*로 ** (장기동, e편한세상캐널시티, 롯데마트)",경기도 김포시 장기동 ****,10090,2014-01-06,영업/정상
경기,코아스,031-997-0081,"경기도 김포시 고촌읍 인향로***번길 *, *층",경기도 김포시 고촌읍 태리 ****,10132,2015-04-04,영업/정상
경기,애견세상,031-833-7773,경기도 연천군 전곡읍 전곡로 ***,경기도 연천군 전곡읍 전곡리 ***-**,11034,2014-01-23,영업/정상
강원,멍군애견,033-241-5896,강원특별자치도 춘천시 춘천로 ***-* (효자동),강원특별자치도 춘천시 효자동 ***-**,24292,2018-09-05,영업/정상
강원,도그스테이블 석사점,033-264-0024,강원특별자치도 춘천시 안마산로 ***-** (석사동),강원특별자치도 춘천시 석사동 ***,24417,2019-09-04,영업/정상
강원,(주)밀레펫,033-240-1051,강원특별자치도 춘천시 경춘로 **** (온의동),강원특별자치도 춘천시 온의동 ***,24435,2012-08-20,영업/정상
강원,롯데마트 춘천점(한강아쿠아),031-527-4244,강원특별자치도 춘천시 방송길 ** (온의동),강원특별자치도 춘천시 온의동 *-**,,2012-09-07,영업/정상
강원,히포코코,033-253-3523,"강원특별자치도 춘천시 중앙로**번길 *, *층 (조양동)",강원특별자치도 춘천시 조양동 ***-*,24353,2017-09-28,영업/정상
강원,송원애견의집,033-263-9209,"강원특별자치도 춘천시 춘천로 ***, *층 (후평동)",강원특별자치도 춘천시 후평동 ***-**,24292,2018-03-16,영업/정상
강원,강아지집,033-745-6685,강원특별자치도 원주시 천사로 *** (일산동),강원특별자치도 원주시 일산동 ***-**,26425,2008-03-26,영업/정상
강원,이마트 원주점,033-749-1234,강원특별자치도 원주시 북원로 **** (무실동),강원특별자치도 원주시 무실동 ****-*,,2012-08-10,영업/정상
강원,와우펫,033-761-8066,강원특별자치도 원주시 단관길 *** (관설동),강원특별자치도 원주시 관설동 ****-**,26472,2015-08-06,영업/정상
강원,착한애견분양(원주점),033-731-6543,강원특별자치도 원주시 무실로 *** (단계동),,26475,2017-09-21,영업/정상
강원,월드펫(애완동물할인매장),033-732-2299,"강원특별자치도 원주시 서원대로 **, *층 (단계동)",강원특별자치도 원주시 단계동 ***-*,26409,2019-03-29,영업/정상
강원,시계박사 엔젤수족관,033-763-5551,강원특별자치도 원주시 치악로 **** (개운동),강원특별자치도 원주시 개운동 ***-**,26443,2020-11-12,영업/정상
강원,(주)밀레펫 강릉점,033-649-1052,강원특별자치도 강릉시 경강로 ****-** (견소동),강원특별자치도 강릉시 송정동 ****-*,,2012-08-16,영업/정상
강원,강릉애견하우스,033-647-0787,"강원특별자치도 강릉시 솔올로*번길 **, *동 *층 (교동)",강원특별자치도 강릉시 교동 ****-*,25515,2013-03-13,영업/정상
강원,파충류카페 비비안,033-648-1100,"강원특별자치도 강릉시 대학길 *, *층 (금학동)",강원특별자치도 강릉시 금학동 **,25540,2020-08-06,영업/정상
강원,애견프라자,033-648-7777,"강원특별자치도 강릉시 율곡로 ****, *층 (옥천동)",강원특별자치도 강릉시 옥천동 ***-*,25551,2021-01-14,영업/정상
강원,애견백화점,033-533-4498,"강원특별자치도 동해시 해안로 *** (발한동, 애견백화점)",강원특별자치도 동해시 발한동 ***-**,25727,2008-04-29,영업/정상
강원,동해애견센터,033-535-4355,,강원특별자치도 동해시 천곡동 ***,,2008-06-16,영업/정상
강원,(주)밀레펫 (이마트동해점),033-539-7051,강원특별자치도 동해시 천곡로 *** (천곡동),강원특별자치도 동해시 천곡동 ***,,2012-08-09,영업/정상
강원,애견 미용실,033-637-0447,강원특별자치도 속초시 교동로 ** (교동),강원특별자치도 속초시 교동 ***-***,24829,2011-06-21,영업/정상
강원,벤지애견,033-631-1134,강원특별자치도 속초시 번영로 ** (금호동),강원특별자치도 속초시 금호동 ***-**,24842,2011-06-21,영업/정상
강원,조아독,033-635-5253,강원특별자치도 속초시 엑스포로 ***(교동),강원특별자치도 속초시 교동 ***-***,24836,2015-10-05,영업/정상
강원,개편한세상,033-638-0907,강원특별자치도 속초시 바람꽃마을길 *** (노학동),강원특별자치도 속초시 노학동 ****-***,24867,2017-03-23,영업/정상
강원,강아지와 고양이,033-631-4404,강원특별자치도 속초시 동해대로 **** (조양동),강원특별자치도 속초시 조양동 ****-***,24888,2017-11-29,영업/정상
강원,깡촌강쥐,033-344-5581,"강원특별자치도 횡성군 횡성읍 문정로**번길 **, *층",강원특별자치도 횡성군 횡성읍 읍상리 ***-*,25232,2008-07-14,영업/정상
강원,도그파파안,033-333-8301,강원특별자치도 평창군 진부면 진부중앙로 **,강원특별자치도 평창군 진부면 하진부리 **-*,25332,2018-07-11,영업/정상
강원,(주)더조은펫타운,033-335-0004,강원특별자치도 평창군 평창읍 종부*길 ***-**,강원특별자치도 평창군 평창읍 종부리 **-**,25377,2021-10-27,영업/정상
강원,바람난 강아지,033-672-0045,"강원특별자치도 양양군 양양읍 남문로 *, 부남빌딩 *층",강원특별자치도 양양군 양양읍 남문리 ***-*,25030,2018-10-17,영업/정상
강원,피플앤독,033-672-2360,"강원특별자치도 양양군 강현면 동해대로 ****, 속초애견미용학원",강원특별자치도 양양군 강현면 물치리 **-* 속초애견미용학원,25000,2018-04-14,영업/정상
강원,People&Dog(피플앤독),033-672-2360,"강원특별자치도 양양군 강현면 동해대로 ****, 속초애견미용학원",강원특별자치도 양양군 강현면 물치리 **-* 속초애견미용학원,25000,2018-04-14,영업/정상
충북,야옹아 멍멍해봐,043-856-0049,충청북도 충주시 계명대로 *** (연수동),충청북도 충주시 연수동 ***-**,27351,2015-10-13,영업/정상
충북,퍼스트독앤캣,043-855-1223,충청북도 충주시 예성로 *** (연수동),충청북도 충주시 연수동 ***-*,27348,2018-12-06,영업/정상
충북,해피애견하우스,043-842-4522,충청북도 충주시 갱고개로 ** (교현동),충청북도 충주시 교현동 ***-**,27374,2019-03-29,영업/정상
충북,골드애견,043-845-0079,충청북도 충주시 지현천변*길 **-* (지현동),충청북도 충주시 지현동 ***,27412,2008-07-24,영업/정상
충북,견우애견,043-846-8654,충청북도 충주시 사직로 *** (지현동),충청북도 충주시 지현동,27412,2008-12-02,영업/정상
충북,(주)더부루벨,043-841-1052,"충청북도 충주시 중원대로 **** (문화동, 이마트)",충청북도 충주시 문화동 ****,27407,2012-08-22,영업/정상
충북,(주)롯데마트(충주점),043-841-2500,"충청북도 충주시 봉계*길 ** (칠금동, 충주공용버스터미널)",충청북도 충주시 칠금동,27360,2012-09-03,영업/정상
충북,로얄수족관(이마트충주점),043-841-1052,충청북도 충주시 중원대로 **** (문화동),충청북도 충주시 문화동 ****,27407,2014-10-07,영업/정상
충북,미미애견,043-642-9950,"충청북도 제천시 내토로 ***, *층 (영천동)",충청북도 제천시 영천동 ***,27185,2015-08-04,영업/정상
충북,독스타엔모어웹,043-646-0313,충청북도 제천시 바이오밸리*로 *(왕암동),충청북도 제천시 왕암동 ***,27159,2021-08-10,영업/정상
충북,야옹아멍멍해봐,043-644-0045,"충청북도 제천시 의림대로 ***-*, *층 (중앙로*가)",충청북도 제천시 중앙로*가 **-**,27166,2024-07-29,영업/정상
충북,쥬티 펫,043-731-0973,"충청북도 옥천군 옥천읍 문장로 **-*, *동",충청북도 옥천군 옥천읍 문정리 ***-* *동,29040,2017-12-15,영업/정상
충북,퍼피엔젤,043-742-5008,"충청북도 영동군 영동읍 계산로 **, 퍼피엔젤",충청북도 영동군 영동읍 계산리 ***-* 퍼피엔젤,29144,2014-04-02,영업/정상
충북,이츠펫(진천점),043-536-0079,충청북도 진천군 진천읍 중앙서로 **,충청북도 진천군 진천읍 읍내리 ***-*,27833,2013-11-04,영업/정상
충북,내강아지&내야옹이,043-536-0066,충청북도 진천군 진천읍 중앙동로 ***,충청북도 진천군 진천읍 읍내리 ***-**,27849,2017-08-07,영업/정상
충북,이츠펫 광혜원점,043-536-0045,충청북도 진천군 광혜원면 장기길 *,충청북도 진천군 광혜원면 광혜원리 ***-*,27806,2018-03-19,영업/정상
충북,또오개,043-535-5251,"충청북도 진천군 진천읍 중앙동로 ***, *층",충청북도 진천군 진천읍 읍내리 ***-**,27849,2018-11-19,영업/정상
충북,금왕테오애견용품점,043-882-8975,충청북도 음성군 금왕읍 음성로 ****,충청북도 음성군 금왕읍 무극리 ***-**,27628,2013-09-23,영업/정상
충북,우리 강아지가 말을 해요,043-883-2622,"충청북도 음성군 맹동면 대하로 ***, ***호",충청북도 음성군 맹동면 두성리 ****,27738,2016-03-28,영업/정상
충북,고래의꿈 수족관,043-877-2579,충청북도 음성군 맹동면 대하로 ***,충청북도 음성군 맹동면 두성리 ****,27738,2020-04-14,영업/정상
충남,아지사랑,041-582-2930,충청남도 천안시 서북구 성환읍 성환*로 **,충청남도 천안시 서북구 성환읍 성환리 ***-*,,2011-12-16,영업/정상
충남,주식회사 밀레펫(이마트 천안점),041-620-1052,충청남도 천안시 서북구 충무로 *** (쌍용동),충청남도 천안시 서북구 쌍용동 ***,,2012-08-09,영업/정상
충남,한강아쿠아 영어조합법인,031-527-4244,충청남도 천안시 서북구 성정두정로 * (성정동),충청남도 천안시 서북구 성정동 ****,,2012-09-07,영업/정상
충남,야옹아놀자,041-569-6363,충청남도 천안시 서북구 오성로 *** (성정동),충청남도 천안시 서북구 성정동 ****,31109,2019-05-24,영업/정상
충남,(주)코스모스이펙트,02-6212-8587,"충청남도 천안시 서북구 봉정로 ***, 성정빌딩 *층 (성정동)",충청남도 천안시 서북구 성정동 ***-** 성정빌딩,31145,2019-12-19,영업/정상
충남,천안 강아지분양 고양이분양 도그마루,1566-8713,"충청남도 천안시 서북구 불당**대로 **, 마블러스티타워 *동 *층 ***호·***호·***호 (불당동)",충청남도 천안시 서북구 불당동 ****-* *동 *층 ***호·***호·***호,31156,2021-11-02,영업/정상
충남,천안 강아지분양 고양이분양 베베펫,1577-3401,"충청남도 천안시 서북구 원두정*길 **, 도정빌딩 *층 (두정동)","충청남도 천안시 서북구 두정동 *** 도정빌딩, *층 전체",31107,2025-05-08,영업/정상
충남,야옹아멍멍해봐(원성점),041-562-0049,충청남도 천안시 동남구 충절로 *** (원성동),충청남도 천안시 동남구 원성동 ***-*,31186,2017-04-04,영업/정상
충남,천안 강아지분양 고양이분양 나라애견본점,041-568-0079,"충청남도 천안시 동남구 대흥로 ***, 수평빌딩 (성황동)",충청남도 천안시 동남구 성황동 **-** 수평빌딩,31121,2018-02-08,영업/정상
충남,금비동물병원,041-856-8082,충청남도 공주시 관골*길 ** (신관동),충청남도 공주시 신관동 ***-*,32575,2008-10-10,영업/정상
충남,호두네,041-856-0049,충청남도 공주시 번영*로 ** (신관동),충청남도 공주시 신관동 ***-*,32575,2018-07-02,영업/정상
충남,야옹아 멍멍해봐,041-932-0038,충청남도 보령시 한내로 **(동대동),충청남도 보령시 동대동 ***-**,33433,2022-06-09,영업/정상
충남,이츠펫 온양점,041-544-0049,충청남도 아산시 온천대로 ****-* (방축동),충청남도 아산시 방축동 ***-*,31504,2017-06-19,영업/정상
충남,야옹아 멍멍해봐 탕정점,041-533-0279,"충청남도 아산시 탕정면 매곡로 **-*, ***호",충청남도 아산시 탕정면 매곡리 ***-**,31461,2021-12-13,영업/정상
충남,한강아쿠아영어조합법인,031-527-4244,충청남도 서산시 충의로 ** (갈산동),충청남도 서산시 예천동 ***-**,,2012-09-17,영업/정상
충남,야옹아 멍멍해봐 강아지고양이 충남서산점,041-664-0049,충청남도 서산시 율지**로 ** (동문동),충청남도 서산시 동문동 ***-*,31993,2016-07-05,영업/정상
충남,쥬티애견 금산점,041-754-0974,충청남도 금산군 금산읍 비단로 ***,충청남도 금산군 금산읍 상리 *-*,32732,2021-02-16,영업/정상
충남,개최고,041-633-8009,충청남도 홍성군 홍성읍 홍성천길 ***,충청남도 홍성군 홍성읍 오관리 ***-*,32236,2016-08-03,영업/정상
충남,show dog,041-633-6631,충청남도 홍성군 홍북읍 애향*길 *,충청남도 홍성군 홍북읍 신경리 ***,32257,2020-05-22,영업/정상
충남,야옹아 멍멍해봐,041-634-8660,충청남도 홍성군 홍성읍 조양로 ***-*,충청남도 홍성군 홍성읍 오관리 ***-*,32231,2008-10-22,영업/정상
충남,펫빌리지,070-8655-9316,"충청남도 태안군 태안읍 그절미길 *-**, *층",충청남도 태안군 태안읍 장산리 ***-*,32145,2024-03-15,영업/정상
전북,멍멍아 놀자,063-283-9500,전북특별자치도 전주시 완산구 거마평로 *** (효자동*가),전북특별자치도 전주시 완산구 효자동*가 ***,55054,2013-10-23,영업/정상
전북,로얄펫 강아지분양 고양이분양 전주본점,063-275-0720,전북특별자치도 전주시 덕진구 기린대로 *** (덕진동*가),전북특별자치도 전주시 덕진구 덕진동*가 ***-*,54888,2015-03-31,영업/정상
전북,개린이집 강아지분양 고양이분양 전주본점,063-901-6002,전북특별자치도 전주시 완산구 서원로 *** (효자동*가),전북특별자치도 전주시 완산구 효자동*가 *-*,55050,2017-05-17,영업/정상
전북,수아리아리애견,063-222-2073,"전북특별자치도 전주시 완산구 성지산로 **, *층 (삼천동*가)",전북특별자치도 전주시 완산구 삼천동*가 ***-*,55084,2008-06-18,영업/정상
전북,(주)롯데마트(전주점),031-527-4244,"전북특별자치도 전주시 완산구 우전로 *** (효자동*가, 롯데마트)",전북특별자치도 전주시 완산구 효자동*가 ****-*,54966,2012-08-29,영업/정상
전북,로얄펫 강아지분양 고양이분양 전주점,063-905-8990,"전북특별자치도 전주시 완산구 백제대로 ***, 놀부보쌈 *층 (중화산동*가)",전북특별자치도 전주시 완산구 중화산동*가 ***-* 놀부보쌈,54980,2023-08-01,영업/정상
전북,퍼피랩 강아지분양 고양이분양 전주본점,063-255-5040,"전북특별자치도 전주시 덕진구 동부대로 ****, *층 (송천동*가)",전북특별자치도 전주시 덕진구 송천동*가 ***-**,54828,2024-06-13,영업/정상
전북,놀러오개,063-446-0311,"전북특별자치도 군산시 미원로 ***-*, 놀러오개 (미원동)",전북특별자치도 군산시 미원동 *** 놀러오개,54028,2020-02-18,영업/정상
전북,한강아쿠아영어조합법인 롯데마트 군산점,031-527-4244,"전북특별자치도 군산시 수송로 ***, 롯데마트 *층 (수송동)",전북특별자치도 군산시 수송동 *** 롯데마트 *층,54091,2022-08-27,영업/정상
전북,군산 고양이카페 아이캣유,063-732-0202,"전북특별자치도 군산시 경촌안*길 **, 경암동철길마을 상가 ** *층 (경암동)",전북특별자치도 군산시 경암동 ***-* 경암동철길마을 상가 **,54033,2025-06-13,영업/정상
전북,고롱고롱,063-732-2628,"전북특별자치도 군산시 계산로 **, 메가플레이스 *층 ***호 (지곡동)",전북특별자치도 군산시 지곡동 ***-* ***호,54106,2025-12-02,영업/정상
전북,예삐애견,063-833-9111,전북특별자치도 익산시 무왕로 **** (부송동),전북특별자치도 익산시 부송동 ***-**,54557,2008-04-02,영업/정상
전북,애견코리아,063-857-2298,전북특별자치도 익산시 익산대로 *** (창인동*가),전북특별자치도 익산시 창인동*가 **-**,54593,2008-04-02,영업/정상
전북,핫도그,063-832-7142,전북특별자치도 익산시 무왕로**길 * (부송동),전북특별자치도 익산시 부송동 ***-**,54554,2008-04-02,영업/정상
전북,우리들애견,063-835-7117,전북특별자치도 익산시 무왕로 **** (부송동),전북특별자치도 익산시 부송동 ***,54562,2008-04-02,영업/정상
전북,(주)롯데마트(익산점),063-570-2500,전북특별자치도 익산시 무왕로 **** (영등동),전북특별자치도 익산시 영등동 ***-*,,2012-09-05,영업/정상
전북,당당이 애견,063-833-0724,전북특별자치도 익산시 익산대로 *** (창인동*가),전북특별자치도 익산시 창인동*가 **-**,,2012-10-16,영업/정상
전북,야옹아멍멍해봐(전북 익산점),063-835-9080,"전북특별자치도 익산시 인북로 ***, 코리아나빌딩 (갈산동)",전북특별자치도 익산시 갈산동 ***-* 코리아나빌딩,54595,2018-08-01,영업/정상
전북,귀엽개,063-832-2345,전북특별자치도 익산시 궁동로 ** (영등동),전북특별자치도 익산시 영등동 ***-*,54546,2019-02-28,영업/정상
전북,익산원펫,063-917-5001,"전북특별자치도 익산시 황등면 황등로 ***, *층",전북특별자치도 익산시 황등면 황등리 ***-**,54533,2022-01-04,영업/정상
전북,익산 고양이카페 아이캣유,063-918-5113,"전북특별자치도 익산시 평동로 ***, *층 (평화동)",전북특별자치도 익산시 평화동 *** 진영유공압,54674,2023-11-05,영업/정상
전북,고양이카페 아이캣유,063-723-3325,전북특별자치도 익산시 고봉로**길 ** (영등동),전북특별자치도 익산시 영등동 ***-**,54545,2026-06-04,영업/정상
전북,강아지나라 강아지분양 익산점,063-853-5222,전북특별자치도 익산시 익산대로 *** (창인동*가),전북특별자치도 익산시 창인동*가 **-**,54593,2008-04-02,영업/정상
전북,오늘도 이쁘개,063-632-2123,전북특별자치도 남원시 요천로 ****-* (고죽동),전북특별자치도 남원시 고죽동 ***,55734,2020-08-06,영업/정상
전북,도그 앤 캣,063-542-0262,"전북특별자치도 김제시 동서로 ***, *동 ***호 (요촌동)",전북특별자치도 김제시 요촌동 **-** *동 ***호,54379,2018-06-22,영업/정상
경북,팍스펫,054-292-2997,"경상북도 포항시 남구 오천읍 원동로 **, *동 ***호",경상북도 포항시 남구 오천읍 원리 **** *동 ***호,37882,2026-02-26,영업/정상
경북,루이비똥 개 애견샵,054-291-8145,경상북도 포항시 남구 오천읍 해병로***번길 **,경상북도 포항시 남구 오천읍 세계리 ***-*,37913,2016-04-29,영업/정상
경북,헬로독,054-283-5675,경상북도 포항시 북구 용당로 ** (대흥동),경상북도 포항시 북구 대흥동 ***-*,37742,2019-07-31,영업/정상
경북,개왕마마,054-232-1322,"경상북도 포항시 북구 천마로 **, *층 (양덕동)",경상북도 포항시 북구 양덕동 **** *층,37588,2022-09-30,영업/정상
경북,뽀뽀애견,054-244-1903,경상북도 포항시 북구 불종로 **-* (대흥동),경상북도 포항시 북구 대흥동 ***-**,,2009-06-08,영업/정상
경북,도그에이드,054-277-3887,,경상북도 포항시 북구 대흥동 ***-*,,2009-06-12,영업/정상
경북,포항애견,054-272-3340,경상북도 포항시 북구 용당로 **-* (대흥동),경상북도 포항시 북구 대흥동 ***-**,,2009-06-12,영업/정상
경북,프란다스의 개,054-247-8949,경상북도 포항시 북구 선착로 ** (대신동),경상북도 포항시 북구 대신동 **-*,,2009-06-30,영업/정상
경북,멍멍아 야옹해봐,054-248-3993,,경상북도 포항시 북구 대흥동 ***-**,,2009-10-01,영업/정상
경북,강아지마을,054-244-5288,경상북도 포항시 북구 용당로 ***-* (덕산동),경상북도 포항시 북구 덕산동 ***-*,,2010-08-02,영업/정상
경북,솔말티즈,054-282-8340,경상북도 포항시 북구 용당로 ** (대흥동),경상북도 포항시 북구 대흥동 ***-*,,2009-06-30,영업/정상
경북,핑크애견하우스,054-272-8171,경상북도 포항시 북구 용당로 **-* (대흥동),경상북도 포항시 북구 대흥동 ***-**,,2010-05-10,영업/정상
경북,(주)이마트 포항점 애완/원계,054-223-1052,경상북도 포항시 남구 냉천로 ** (인덕동),경상북도 포항시 남구 인덕동 ***-***,,2012-08-17,영업/정상
경북,이마트 포항 이동점,054-721-1052,경상북도 포항시 북구 대이로 *** (득량동),경상북도 포항시 북구 득량동 ***,,2012-08-17,영업/정상
경북,모모애견,054-274-9007,경상북도 포항시 남구 연일읍 연일로***번길 **,경상북도 포항시 남구 연일읍 생지리 ***,37843,2013-10-24,영업/정상
경북,막둥이애견,054-262-0969,경상북도 포항시 북구 흥해읍 흥해로 **,경상북도 포항시 북구 흥해읍 성내리 **-**,37538,2013-11-12,영업/정상
경북,쿠치올로,054-254-9994,경상북도 포항시 북구 천마로**번길 ** (양덕동),경상북도 포항시 북구 양덕동 ****-*,37589,2014-03-06,영업/정상
경북,하이도그 애견샵,054-743-0014,경상북도 경주시 봉황로 *** (성건동),경상북도 경주시 성건동 ***-**,38137,2016-12-12,영업/정상
경북,애견#,054-435-4490,"경상북도 김천시 부곡중앙길 **, ***호 (부곡동, 부원빌라)",경상북도 김천시 부곡동 ***-** 부원빌라 ***호,39627,2010-12-24,영업/정상
경북,채리애견샵,054-437-6019,경상북도 김천시 신음새동네길 ** (신음동),경상북도 김천시 신음동 ***-*,39544,2014-03-17,영업/정상
경북,햇살이네,054-434-8852,경상북도 김천시 농소면 월곡길 **,경상북도 김천시 농소면 월곡리 ***-*,39659,2018-12-28,영업/정상
경북,플라잉독,054-434-4978,"경상북도 김천시 해오름*로*길 **, ***호 (율곡동)",경상북도 김천시 율곡동 **,39660,2021-01-25,영업/정상
경북,톰앤키티,054-433-0045,경상북도 김천시 감문면 문화로 ***,경상북도 김천시 감문면 남곡리 ***-*,39507,2022-06-30,영업/정상
경북,컴온독,054-436-3337,경상북도 김천시 시청로 **(신음동),경상북도 김천시 신음동 ***-*,39547,2022-11-21,영업/정상
경북,로얄수족관,054-420-1234,"경상북도 김천시 시청로 **, 이마트 (신음동)",경상북도 김천시 신음동 ***-* 이마트,39547,2023-08-08,영업/정상
경북,돌봄,054-854-8588,경상북도 안동시 옥동*길 **-** (옥동),경상북도 안동시 옥동 ***-**,36664,2018-02-26,영업/정상
경북,롯데마트구미점수족관코너,051-806-8990,"경상북도 구미시 구미대로**길 **, 롯데마트구미점 *층 (신평동)",경상북도 구미시 신평동 *** 롯데마트구미점,39255,2025-01-08,영업/정상
경북,애견왕국,054-472-4527,경상북도 구미시 인동북길 ** (인의동),경상북도 구미시 인의동 ***-*,39433,2018-05-10,영업/정상
경북,오도꾸 애견샵,054-608-8500,"경상북도 구미시 구미중앙로**길 *, *층 (원평동)",경상북도 구미시 원평동 ****-**,39232,2019-02-01,영업/정상
경북,멜로디펫살롱,054-462-0068,"경상북도 구미시 상사서로**길 **, 주원빌딩 *층 (상모동)",경상북도 구미시 상모동 ***-*,39335,2019-02-01,영업/정상
경북,전지적 참견,054-454-8343,경상북도 구미시 산호대로**길 **-** (옥계동),경상북도 구미시 옥계동 ***-*,39184,2019-03-25,영업/정상
경북,품에,054-458-6682,경상북도 구미시 송동로 **(도량동),경상북도 구미시 도량동 ***-*,39215,2021-10-08,영업/정상
경북,펫매니저,054-476-1119,경상북도 구미시 인동북길 **-* (인의동),경상북도 구미시 인의동 ***-**,39436,2013-02-01,영업/정상
경북,도그살롱(DOG SAI0N),054-465-0888,경상북도 구미시 인동중앙로**길 ** (인의동),경상북도 구미시 인의동 ***-*,39429,2014-07-08,영업/정상
경북,똥강아지(상모사곡동),054-463-1991,경상북도 구미시 상사동로**길 * (사곡동),경상북도 구미시 사곡동 ***-*,39328,2014-10-01,영업/정상
경북,강아지맛집,070-4845-8200,경상북도 구미시 인동*길 ** (진평동),경상북도 구미시 진평동 ***-*,39397,2015-01-06,영업/정상
경북,러브펫살롱,054-475-4428,경상북도 구미시 인동**길 * (인의동),경상북도 구미시 인의동 ****-*,39440,2015-03-18,영업/정상
경북,개아범펫마트,054-455-4020,경상북도 구미시 구미중앙로**길 *-* (원평동),경상북도 구미시 원평동 ****-*,39234,2015-04-14,영업/정상
경북,강아지 공화국,054-443-8774,경상북도 구미시 신시로 ** (형곡동),경상북도 구미시 형곡동 ***-**,39315,2015-07-07,영업/정상
경북,똥싸개,054-464-3435,경상북도 구미시 상사서로 ** (사곡동),,39333,2016-03-03,영업/정상
경북,아라애견,054-636-6346,경상북도 영주시 구성로 *** (영주동),경상북도 영주시 영주동 ***-*,,2008-11-14,영업/정상
경북,상주애견,054-535-1288,경상북도 상주시 중앙로 *** (남성동),경상북도 상주시 남성동 **-*,37199,2018-01-10,영업/정상
경북,멍이냥이하우스,053-852-6926,경상북도 경산시 진량읍 대학로 ***-*,경상북도 경산시 진량읍 선화리 ***-*,38489,2017-03-17,영업/정상
경북,새침하개멍,054-972-1189,경상북도 칠곡군 북삼읍 금오대로*길 *-**,경상북도 칠곡군 북삼읍 인평리 ****-*,39814,2023-01-27,영업/정상
경북,똥싼 강아지,054-976-3446,경상북도 칠곡군 석적읍 북중리*길 **,경상북도 칠곡군 석적읍 중리 **-*,39839,2018-05-16,영업/정상
경남,현대애견,055-742-5385,경상남도 진주시 진양호로 *** (인사동),경상남도 진주시 인사동 ***-*,52686,2009-03-03,영업/정상
경남,개와 고양이,055-763-1306,경상남도 진주시 진주대로 ***-* (강남동),경상남도 진주시 강남동 ***-*,52709,2009-03-03,영업/정상
경남,애견천국,055-748-7677,경상남도 진주시 장대로 **-* (장대동),경상남도 진주시 장대동 ***-**,,2009-03-03,영업/정상
경남,명품애견,055-759-7889,경상남도 진주시 망경로 ***(망경동),경상남도 진주시 망경동 **-*,52706,2010-08-05,영업/정상
경남,야옹아 멍멍해봐(초전점),055-758-0047,경상남도 진주시 대신로 *** (초전동),경상남도 진주시 초전동 ****,52733,2017-07-14,영업/정상
경남,쌍둥이네 애견,055-741-1188,경상남도 진주시 장대로 ** (장대동),경상남도 진주시 장대동 **-*,52757,2018-12-31,영업/정상
경남,런던 애견하우스,055-742-8395,,경상남도 진주시 동성동 *-**,,2009-03-03,영업/정상
경남,애견마을,055-646-5851,"경상남도 통영시 원문로 **, *호 (북신동, 광우화목맨션)",경상남도 통영시 북신동 *** 광우화목맨션,53045,2008-03-18,영업/정상
경남,예림애견용품 아울렛,055-646-8192,"경상남도 통영시 무전대로 **, *층 (무전동)",경상남도 통영시 무전동 ****-*,53045,2015-07-08,영업/정상
경남,똥강아지 김해 강아지분양 고양이분양,055-333-0422,"경상남도 김해시 내외중앙로 **, ***호 (외동)",경상남도 김해시 외동 ****-*,50948,2010-05-07,영업/정상
경남,꽃개하우스,055-339-4321,경상남도 김해시 덕정로 *** (관동동),경상남도 김해시 관동동 ***-**,51012,2010-11-10,영업/정상
경남,탄이네 강아지,055-327-2203,경상남도 김해시 율하*로***번길 **-** (율하동),경상남도 김해시 율하동 ****-**,51017,2015-06-26,영업/정상
경남,금관대로 애견센터,055-321-7580,경상남도 김해시 금관대로 **** (내동),경상남도 김해시 내동 ****-*,50951,2016-05-17,영업/정상
경남,퍼스트독,055-902-4514,경상남도 김해시 분성로 *** (서상동),경상남도 김해시 서상동 ***-*,50920,2017-04-20,영업/정상
경남,댕댕,055-355-9156,"경상남도 밀양시 시청로 **-*, *층 (내이동)",경상남도 밀양시 내이동 ****-**,50419,2008-02-27,영업/정상
경남,우정진도개,055-355-6769,경상남도 밀양시 산내면 산내로 **,경상남도 밀양시 산내면 용전리 ****,50413,2018-05-29,영업/정상
경남,똥개애견카페,055-354-2752,경상남도 밀양시 용평로 ***(교동),경상남도 밀양시 교동 **-*,50432,2021-07-08,영업/정상
경남,동물농장,055-365-0279,"경상남도 양산시 삽량로 ***, ***-*호 (중부동, 신진프라자)",경상남도 양산시 중부동 ***-*,50629,2015-07-21,영업/정상
경남,미미애견,055-362-2848,경상남도 양산시 서창로 *** (삼호동),경상남도 양산시 삼호동 ***-*,50530,2015-12-07,영업/정상
경남,방쥬의 작은동물상점,055-365-9930,"경상남도 양산시 물금읍 야리*길 **, 원타운 ***호",경상남도 양산시 물금읍 범어리 **** 원타운,50652,2017-10-11,영업/정상
경남,양산동물메디컬센터,055-365-0075,"경상남도 양산시 삽량로 ***, 신진프라자 *층 (중부동)",경상남도 양산시 중부동 ***-* 신진프라자,50629,2018-10-02,영업/정상
경남,독스쿨,055-365-0720,"경상남도 양산시 평산남*길 *, 동화골프연습장 (평산동)",경상남도 양산시 평산동 *** 동화골프연습장,50549,2024-01-19,영업/정상
경남,퍼피앤독,055-583-7005,경상남도 함안군 가야읍 함안대로 ***-* (이연),경상남도 함안군 가야읍 말산리 ***-**,52043,2017-03-24,영업/정상
경기,로얄수족관(이마트 봉담점),031-228-1234,"경기도 화성시 효행구 봉담읍 효행로 ***, 이마트",경기도 화성시 효행구 봉담읍 동화리 ***-* 이마트,18298,2012-08-21,영업/정상
경기,(주)그린아쿠아펫,02-2619-1285,경기도 화성시 만세구 향남읍 향남로 *** (홈플러스 향남점),경기도 화성시 만세구 향남읍 갈천리 ***-* 홈플러스 향남점,,2012-09-11,영업/정상
경기,(주)그린아쿠아펫,02-2619-1285,"경기도 화성시 병점구 경기대로 *** (병점동, 홈플러스 병점점)",경기도 화성시 병점구 병점동  ***-* 홈플러스 병점점,,2012-09-12,영업/정상
경기,퍼스트독,031-8003-5127,"경기도 화성시 동탄구 외삼미로 ***, *층 (반송동)",경기도 화성시 동탄구 반송동 **-*,18436,2013-03-25,영업/정상
경기,(주)코스모스이펙트,02-6212-8587,"경기도 화성시 병점구 화산중앙로**번길 *, 삼신빌딩 ***호 (송산동)",경기도 화성시 병점구 송산동  ***-*,18357,2020-02-20,영업/정상
경기,(주)우연컴퍼니,02-2038-8602,"경기도 화성시 동탄구 동탄중심상가*길 *, 로하스애비뉴 *층 ***호-사**호 (반송동)",경기도 화성시 동탄구 반송동  **-* 로하스애비뉴,18453,2022-12-01,영업/정상
경기,로얄수족관,031-8026-1052,경기도 광주시 광주대로 ** (경안동),경기도 광주시 경안동 **-*,,2012-08-21,영업/정상
경기,동현24시동물병원,031-768-7599,"경기도 광주시 경안천로 *, *층 (송정동)",경기도 광주시 송정동 **-**,12741,2018-09-05,영업/정상
경기,애플펫동물병원,031-726-4800,"경기도 광주시 신현동 태재로 **, *층",경기도 광주시 신현동 ***-**,12771,2019-09-11,영업/정상
경기,도그파파 동물병원,031-766-0079,경기도 광주시 곤지암읍 광여로 ***-*,경기도 광주시 곤지암읍 건업리 ***-**,12720,2021-09-10,영업/정상
충북,퍼피엔젤,043-836-5009,충청북도 증평군 증평읍 중앙로 ***,충청북도 증평군 증평읍 초중리 **-**,27943,2016-02-05,영업/정상
경기,강아지 대공원,031-865-4422,"경기도 양주시 옥정동로*다길 **, 대길프라자 ***호 (옥정동)",경기도 양주시 옥정동 ***-* 대길프라자,11473,2021-07-29,영업/정상
경기,(주)아쿠아시스템 양주옥정점,031-848-2073,"경기도 양주시 옥정로 ***, 신운정튼튼프라자 *층 *호 (옥정동)",경기도 양주시 옥정동 ***-*,11473,2022-06-28,영업/정상
경기,(주)그린프레밀리,031-540-1234,경기도 포천시 호국로 *** (설운동),경기도 포천시 설운동 *,11161,2012-10-16,영업/정상
세종,퍼피스타일,044-867-0099,"세종특별자치시 한누리대로 ****, 스타힐타워Ⅰ ***호 (보람동)",세종특별자치시 보람동 ***-* 스타힐타워Ⅰ ***호,30150,2018-08-21,영업/정상
세종,에브리 뽀송,044-866-1158,"세종특별자치시 나성북로 **, B동 ***호 (나성동, 나릿재마을*단지)",세종특별자치시 나성동 ***-* 나릿재마을*단지 B동 ***호,30128,2022-07-14,영업/정상
세종,원독,044-867-0977,"세종특별자치시  마음안로 ***, *층 (고운동)",세종특별자치시 고운동 **** 나림빌딩,30062,2017-10-17,영업/정상
세종,(주)밀레펫 세종점,044-902-1234,"세종특별자치시 금송로 ***, *층 (가람동, 이마트세종점)",세종특별자치시 가람동 ***,30065,2015-12-30,영업/정상
경기,애견나라,031-882-0035,경기도 여주시 상동 여흥로 ***,경기도 여주시 상동 ***-*,,2008-07-09,영업/정상
경기,만물농원,031-881-2762,,경기도 여주시 산북면 상품리 **-*,,2008-07-21,영업/정상
경기,여주켄넬,031-884-3204,,경기도 여주시 능서면 내양리 ***-**,,2008-10-23,영업/정상
경기,강아지와 고양이,031-883-5588,,경기도 여주시 창동 ***-**,,2011-03-08,영업/정상
경기,멍멍이와 야옹이,031-885-1661,,경기도 여주시 상동 ***,,2012-01-18,영업/정상
경기,여주 멍스타,031-885-1222,"경기도 여주시 세종로**번길 **, *층 (홍문동)",경기도 여주시 홍문동 ***-*,12630,2018-02-06,영업/정상
경기,개냥이 세계,070-8866-8626,"경기도 여주시 가남읍 대명산길 *, *층",경기도 여주시 가남읍 태평리 ***,12662,2018-03-23,영업/정상
충북,동물보듬센터 청주지점,070-8095-1205,충청북도 청주시 상당구 목련로 ***-* (운동동),충청북도 청주시 상당구 운동동 ***-*,28759,2026-08-28,영업/정상
충북,하나애견,043-273-5978,충청북도 청주시 서원구 사직대로 ***-* (사직동),충청북도 청주시 서원구 사직동 ***-*,28556,2008-08-29,영업/정상
충북,나라애견 가경점,043-233-9933,,충청북도 청주시 흥덕구 가경동 ****,,2008-09-09,영업/정상
충북,개와고양이,043-262-8114,충청북도 청주시 서원구 호국로 ** (사직동),충청북도 청주시 서원구 사직동 ***-*,28651,2019-01-07,영업/정상
충북,이츠펫 본점,043-268-0089,충청북도 청주시 흥덕구 *순환로 *** (봉명동),충청북도 청주시 흥덕구 봉명동 ****,,2008-09-10,영업/정상
충북,빠찌애견,043-275-1235,충청북도 청주시 서원구 사직대로 ***-* (사직동),충청북도 청주시 서원구 사직동 ***-*,28556,2008-09-10,영업/정상
충북,동물의 왕국,043-287-0111,충청북도 청주시 상당구 월평로 *** (용암동),충청북도 청주시 상당구 용암동 ****,28772,2008-09-11,영업/정상
충북,나라애견 본점,043-262-0884,,충청북도 청주시 서원구 사직동 ***-**,,2009-05-28,영업/정상
충북,늘푸른동물병원,043-271-7582,,충청북도 청주시 흥덕구 봉명동 ***-*,,2009-09-10,영업/정상
충북,뽀삐뽀삐,043-256-0079,,충청북도 청주시 흥덕구 가경동 ****,,2012-03-06,영업/정상
충북,민트도그,043-288-2938,충청북도 청주시 상당구 산성로***번길 ** (용담동),충청북도 청주시 상당구 용담동 *** ***호,,2012-05-17,영업/정상
충북,독한고양이애견전문샵,043-234-9844,"충청북도 청주시 상당구 쇠내로***번길 *, 동청주복음교회 *층 (금천동)",충청북도 청주시 상당구 금천동 ***-* 동청주복음교회,28739,2012-07-04,영업/정상
충북,롯데마트상당점수족관(펫코리아 7),043-213-2500,충청북도 청주시 상당구 용암북로***번길 ** (용암동),충청북도 청주시 상당구 용암동 ****,,2012-08-13,영업/정상
충북,서울아쿠아룸(롯데마트 서청주점),043-254-2500,,충청북도 청주시 흥덕구 비하동 ***-*,,2012-11-08,영업/정상
충북,오도독,043-235-0968,충청북도 청주시 서원구 사직대로 *** (사직동),충청북도 청주시 서원구 사직동 ***-*,28556,2014-06-26,영업/정상
충북,(주)야옹아멍멍해봐펫 강아지고양이 청주분평점,043-294-0049,충청북도 청주시 서원구 *순환로 **** (분평동),충청북도 청주시 서원구 분평동 ***-*,28701,2014-12-18,영업/정상
충북,미니도그,043-296-2004,충청북도 청주시 상당구 월평로 *** (용암동),충청북도 청주시 상당구 용암동 ****,28772,2015-09-07,영업/정상
충북,야옹아멍멍해봐,043-213-0045,충청북도 청주시 청원구 오창읍 중심상업*로 **,충청북도 청주시 청원구 오창읍 양청리 ***-*,28120,2016-10-24,영업/정상
충북,펫클라우드,043-236-0101,충청북도 청주시 흥덕구 가로수로 ****-* (복대동),,28597,2017-07-16,영업/정상
충북,(주)야옹아멍멍해봐펫 강아지고양이 율량본점,043-211-1000,충청북도 청주시 청원구 *순환로 *** (율량동),충청북도 청주시 청원구 율량동 ****,28320,2018-01-10,영업/정상
충북,꽃개,043-276-3452,충청북도 청주시 서원구 사직대로 *** (사직동),충청북도 청주시 서원구 사직동 ***-*,28651,2019-03-25,영업/정상
충북,펫돌봄(돌봄컴퍼니),043-212-7516,"충청북도 청주시 청원구 율량로***번길 **-*, *층 (율량동)",충청북도 청주시 청원구 율량동 **** *층,28320,2019-07-02,영업/정상
충북,프리펫시티,043-262-9096,"충청북도 청주시 흥덕구 사직대로 **, 프리펫시티 (복대동)",충청북도 청주시 흥덕구 복대동 ***-* 프리펫시티,28641,2021-05-20,영업/정상
충북,야옹아 멍멍해봐 강아지고양이 청주동남점,043-284-0049,"충청북도 청주시 상당구 월평로 ***, *층 (방서동)",충청북도 청주시 상당구 방서동 ***,28786,2022-03-14,영업/정상
충북,EUM COMPANY,043-273-5114,충청북도 청주시 서원구 남이면 청남로 ****-**,충청북도 청주시 서원구 남이면 외천리 ***,28185,2024-09-11,영업/정상
충북,야옹아 멍멍해봐 비하점,043-237-0049,"충청북도 청주시 흥덕구 *순환로 ****, *층 (비하동)",충청북도 청주시 흥덕구 비하동 ***-**,28361,2025-11-28,영업/정상
광주,야옹아 멍멍해봐,061-284-5454,전남광주통합특별시 목포시 하당로 *** (상동),전남광주통합특별시 목포시 상동 ***-*,58662,2022-04-29,영업/정상
광주,둘리애견,061-752-5231,전남광주통합특별시 순천시 북문길 *** (매곡동),전남광주통합특별시 순천시 매곡동 **,57939,2026-02-25,영업/정상
광주,더펫,061-791-8977,"전남광주통합특별시 광양시 사동로 ***, *층 (마동)",전남광주통합특별시 광양시 마동 ****-*,57774,2018-10-04,영업/정상
광주,핑크 PET 살롱,061-792-1379,전남광주통합특별시 광양시 광영로 *** (광영동),전남광주통합특별시 광양시 광영동,57717,2015-02-25,영업/정상
광주,티아라 펫,061-761-6747,전남광주통합특별시 광양시 광양읍 인덕로 ****,전남광주통합특별시 광양시 광양읍 칠성리,57753,2014-08-11,영업/정상
광주,서울아쿠아룸(홈플러스 광양점),061-760-8000,전남광주통합특별시 광양시 항만**로 ** (중동),전남광주통합특별시 광양시 중동,57793,2012-08-23,영업/정상
광주,애견종합할인마트,1599-8387,전남광주통합특별시 광양시 시청로 ** (중동),전남광주통합특별시 광양시 중동,57786,2013-07-13,영업/정상
서울,펫나우,02-2135-4880,"서울특별시 관악구 호암로**가길 **, 명륜당독서실 ***호 (신림동)",서울특별시 관악구 신림동 ****-* 명륜당독서실,08812,2026-02-26,영업/정상
광주,애견가족,062-225-0303,전남광주통합특별시 동구 문화전당로**번길 **-* (불로동),전남광주통합특별시 동구 불로동 ***-*,61488,2011-01-07,영업/정상
광주,손금선애견세상,062-232-5684,전남광주통합특별시 동구 중앙로 *** (호남동),전남광주통합특별시 동구 호남동 **,,2008-10-30,영업/정상
광주,알로하펫,062-351-6997,전남광주통합특별시 서구 화운로 ***-* (화정동),전남광주통합특별시 서구 화정동 ***-**,61980,2016-09-20,영업/정상
광주,폼스,062-416-4848,전남광주통합특별시 서구 풍암순환로***번길 ** (풍암동),전남광주통합특별시 서구 풍암동 ****-*,62060,2017-05-31,영업/정상
광주,(주)롯데마트(월드컵점),062-610-2500,"전남광주통합특별시 서구 금화로 ***, 롯데마트 (풍암동)",전남광주통합특별시 서구 풍암동 ***-*,62048,2012-08-30,영업/정상
광주,광주강아지분양 고양이분양 펫왕국,062-383-8590,전남광주통합특별시 서구 상무오월로*번길 *-* (쌍촌동),,61966,2015-10-15,영업/정상
광주,미스터도그,070-4090-9111,"전남광주통합특별시 서구 금호운천길 ***, ***호 (쌍촌동)",전남광주통합특별시 서구 쌍촌동 ***-**,62002,2016-05-10,영업/정상
광주,뽀삐살롱,062-373-8841,"전남광주통합특별시 서구 운천로 ** (금호동, 우미호반아파트상가)",전남광주통합특별시 서구 금호동 ***-*,62003,2016-06-09,영업/정상
광주,까르르멍멍,062-371-5982,"전남광주통합특별시 서구 화운로***번길 *, 현대아파트 상가동 *층 ***,***호 (화정동)","전남광주통합특별시 서구 화정동 ***-* 현대아파트 상가동 *층, ***,***호",61975,2019-06-10,영업/정상
광주,애니멀 패밀리,062-454-0840,"전남광주통합특별시 서구 화운로 ***, *층 (화정동)",전남광주통합특별시 서구 화정동 ***-**,61980,2023-06-21,영업/정상
광주,짱구애견하우스,062-676-0025,전남광주통합특별시 남구 천변좌로 *** (구동),전남광주통합특별시 남구 구동 **-*,61639,2013-06-24,영업/정상
광주,슈퍼독,062-229-0707,전남광주통합특별시 남구 대남대로 *** (백운동),전남광주통합특별시 남구 백운동 ***-*,61655,2014-03-14,영업/정상
광주,끌레르몽,062-674-5977,"전남광주통합특별시 남구 서문대로 ***, *층 ***-*호 (주월동)",전남광주통합특별시 남구 주월동 ***-**,61722,2022-03-24,영업/정상
광주,펫마켓,062-522-9319,전남광주통합특별시 북구 설죽로 *** (용봉동),전남광주통합특별시 북구 용봉동 ****-*,61177,2015-09-15,영업/정상
광주,야옹아멍멍해봐삼각점,062-400-8665,"전남광주통합특별시 북구 설죽로 ***-*, *층 (삼각동)",전남광주통합특별시 북구 삼각동 ***-*,61050,2021-09-09,영업/정상
광주,퍼피스타,062-945-1900,전남광주통합특별시 광산구 송도로 *** (도산동),전남광주통합특별시 광산구 도산동 ***,,2013-06-20,영업/정상
광주,냥이멍이세상,062-974-4582,전남광주통합특별시 광산구 첨단강변로 **(쌍암동),전남광주통합특별시 광산구 쌍암동 ***-**,62279,2023-02-21,영업/정상
광주,광주 고양이분양 펫엔글라이더 본점 로던트클럽 광주,062-952-5949,"전남광주통합특별시 광산구 마항길 **, *층 (하남동)",전남광주통합특별시 광산구 하남동 ****,62232,2019-03-15,영업/정상
광주,바닐라 애견샵,061-373-4002,전남광주통합특별시 화순군 화순읍 중앙로 **-*,전남광주통합특별시 화순군 화순읍 광덕리 **-*,58123,2021-01-15,영업/정상
광주,똥강아지,061-864-3760,전남광주통합특별시 장흥군 장흥읍 의향길 *,전남광주통합특별시 장흥군 장흥읍 건산리 ***-*,59321,2021-03-30,영업/정상
광주,해남동물나라,061-535-0067,"전남광주통합특별시 해남군 해남읍 중앙*로 **, *층",전남광주통합특별시 해남군 해남읍 해리 ***-*,59037,2020-06-09,영업/정상
광주,롯데마트 남악점,042-541-0771,전남광주통합특별시 무안군 삼향읍 남악로***번길 **,전남광주통합특별시 무안군 삼향읍 남악리 ****,58579,2018-01-26,영업/정상
광주,진도개 경주견 사육장,061-544-5449,전남광주통합특별시 진도군 군내면 한의길 ***,,58901,2013-12-23,영업/정상
광주,새천년 명견 진도개 사육장,061-544-1186,전남광주통합특별시 진도군 진도읍 고작길 ***,전남광주통합특별시 진도군 진도읍 해창리 **-**,58912,2017-08-23,영업/정상
제주,하이댕댕,070-8821-7900,"제주특별자치도 제주시 연북로 **, 노형이타스 * 지*층 ***호 (노형동)",제주특별자치도 제주시 노형동 ***-* 노형이타스 *,63086,2022-07-15,영업/정상
제주,제주 키움 동물,064-725-7579,"제주특별자치도 제주시 중앙로 ***, 나라키움 제주복합관사 ***호 (이도이동, 나라키움 제주복합관사)",제주특별자치도 제주시 이도이동 ****-* 나라키움 제주복합관사,63210,2023-05-16,영업/정상
제주,아마존펫,064-744-9090,제주특별자치도 제주시 ****로 **** (노형동),제주특별자치도 제주시 노형동 ***-*,63084,2025-04-30,영업/정상
제주,주식회사 피터페터,070-8098-6138,"제주특별자치도 제주시 첨단로 ***, 세미양빌딩 A동 *층 CO-*호 (영평동)",제주특별자치도 제주시 영평동 **** 세미양빌딩,63309,2026-08-27,영업/정상
제주,퍼피아이애견,064-713-0029,제주특별자치도 제주시 정존*길 * (노형동),제주특별자치도 제주시 노형동 ****-*,63103,2008-09-05,영업/정상
제주,명품애견,064-753-0709,제주특별자치도 제주시 중앙로 **-* (이도일동),제주특별자치도 제주시 이도일동 ****-*,63169,2009-01-07,영업/정상
제주,맹구와 땡칠이 광양점,064-751-0709,제주특별자치도 제주시 서광로 *** (이도일동),제주특별자치도 제주시 이도일동 ****-*,63198,2011-06-08,영업/정상
제주,요술강아지,064-748-0779,제주특별자치도 제주시 월랑로 * (노형동),,63099,2014-06-26,영업/정상
제주,제주헬로우펫,064-727-0907,제주특별자치도 제주시 연삼로 *** (이도이동),제주특별자치도 제주시 이도이동 ***-*,63225,2015-05-27,영업/정상
제주,캣츠앤독스,064-733-0071,"제주특별자치도 서귀포시 태평로 ***, *층 (동홍동)",제주특별자치도 서귀포시 동홍동 ***-*,63597,2018-11-01,영업/정상
