우편번호,주소,상세주소,받는분(매장명),직함,전화번호,메모(제안내용)
03120,"서울특별시 종로구 청계천로 ***, D동 *층 **호 (창신동)",,삼성조류,대표님(원장님) 귀하,02-763-1103,파보 장염 초기대응 및 집단폐사 방어 파보겔 취급점 안내
04558,서울특별시 중구 퇴계로 *** (충무로*가),,뉴욕애견,대표님(원장님) 귀하,2264-9032,파보 장염 초기대응 및 집단폐사 방어 파보겔 취급점 안내
04558,서울특별시 중구 퇴계로 *** (충무로*가),,펫하우스,대표님(원장님) 귀하,02-2274-1259,파보 장염 초기대응 및 집단폐사 방어 파보겔 취급점 안내
,서울특별시 중구 청파로 *** (봉래동*가),,롯데마트 서울역점,대표님(원장님) 귀하,02-2601-7064,파보 장염 초기대응 및 집단폐사 방어 파보겔 취급점 안내
04710,서울특별시 성동구 왕십리로 *** (하왕십리동),,왕십리조은동물병원,대표님(원장님) 귀하,2297-0075,파보 장염 초기대응 및 집단폐사 방어 파보겔 취급점 안내
04775,서울특별시 성동구 성덕정길 **-* (성수동*가),,미니펫 강아지분양 고양이분양 성수점,대표님(원장님) 귀하,02-466-9584,파보 장염 초기대응 및 집단폐사 방어 파보겔 취급점 안내
04707,서울특별시 성동구 왕십리로 *** (도선동),,고양이분양 전문 달루나캣츠,대표님(원장님) 귀하,02-2299-0014,파보 장염 초기대응 및 집단폐사 방어 파보겔 취급점 안내
,"서울특별시 성동구 용답중앙**길 ** (용답동,(*층))",,코코애견,대표님(원장님) 귀하,2246-8712,파보 장염 초기대응 및 집단폐사 방어 파보겔 취급점 안내
04750,"서울특별시 성동구 왕십리광장로 **, *층 (행당동)",,(주) 밀레펫 왕십리점,대표님(원장님) 귀하,2200-1234,파보 장염 초기대응 및 집단폐사 방어 파보겔 취급점 안내
05038,"서울특별시 광진구 자양로 ***, *층 (구의동)",,하이바이 분양소,대표님(원장님) 귀하,02-453-7338,파보 장염 초기대응 및 집단폐사 방어 파보겔 취급점 안내
02625,"서울특별시 동대문구 장한로 **, 장안현대벤처빌 *층 ***호 (장안동)",,미니 & 바니 애견샵,대표님(원장님) 귀하,02-3394-5705,파보 장염 초기대응 및 집단폐사 방어 파보겔 취급점 안내
02496,서울특별시 동대문구 망우로**가길 ** (휘경동),,한스강아지방,대표님(원장님) 귀하,02-2244-6262,파보 장염 초기대응 및 집단폐사 방어 파보겔 취급점 안내
02087,"서울특별시 중랑구 망우로 ***, B*층 (상봉동, 홈플러스)",,펫시랑 상봉점,대표님(원장님) 귀하,02-496-7649,파보 장염 초기대응 및 집단폐사 방어 파보겔 취급점 안내
02728,"서울특별시 성북구 도봉로 ** (길음동, 이마트미아점)",,(주)그린프레밀리,대표님(원장님) 귀하,02-944-1050,파보 장염 초기대응 및 집단폐사 방어 파보겔 취급점 안내
02739,서울특별시 성북구 종암로**길 **-* (하월곡동),,러블리펫,대표님(원장님) 귀하,02-909-2082,파보 장염 초기대응 및 집단폐사 방어 파보겔 취급점 안내
01064,서울특별시 강북구 한천로 **** (번동),,러브펫 멀티펫샵 수유역점,대표님(원장님) 귀하,02-908-5554,파보 장염 초기대응 및 집단폐사 방어 파보겔 취급점 안내
01175,"서울특별시 강북구 솔샘로**길 ***, *층 (미아동)",,멍스펫,대표님(원장님) 귀하,02-983-3866,파보 장염 초기대응 및 집단폐사 방어 파보겔 취급점 안내
01655,"서울특별시 노원구 한글비석로**길 *, *층 (상계동)",,잇다펫 강아지분양 고양이분양 노원점,대표님(원장님) 귀하,02-515-9996,파보 장염 초기대응 및 집단폐사 방어 파보겔 취급점 안내
01746,"서울특별시 노원구 노원로 ***, 롯데마트 *층 (중계동)",,경기관상어,대표님(원장님) 귀하,2092-2056,파보 장염 초기대응 및 집단폐사 방어 파보겔 취급점 안내
01691,"서울특별시 노원구 노원로 ***, 가동 *층 (상계동)",,내품멍냥 노원 강아지분양 고양이분양,대표님(원장님) 귀하,02-937-5501,파보 장염 초기대응 및 집단폐사 방어 파보겔 취급점 안내
01692,"서울특별시 노원구 상계로*길 *, *층 (상계동)",,개냥이네 노원본점,대표님(원장님) 귀하,070-4193-0080,파보 장염 초기대응 및 집단폐사 방어 파보겔 취급점 안내
01906,"서울특별시 노원구 마들로*길 **, 월계이마트 *층 (월계동)",,밀레펫,대표님(원장님) 귀하,02-2092-1052,파보 장염 초기대응 및 집단폐사 방어 파보겔 취급점 안내
01848,"서울특별시 노원구 동일로 ****, *층, *층 (공릉동)",,골드퍼피동물병원 공릉점,대표님(원장님) 귀하,02-971-5955,파보 장염 초기대응 및 집단폐사 방어 파보겔 취급점 안내
03461,"서울특별시 은평구 은평로 ***, *층 (응암동)",,로얄수족관(본사: 2690-7311),대표님(원장님) 귀하,02-380-1054,파보 장염 초기대응 및 집단폐사 방어 파보겔 취급점 안내
03505,"서울특별시 은평구 수색로 ***-*, ***호 (수색동)",,디지탈디자인(INTERZOO),대표님(원장님) 귀하,02-308-8494,파보 장염 초기대응 및 집단폐사 방어 파보겔 취급점 안내
03406,"서울특별시 은평구 연서로 **, ***호 (역촌동)",,은평애견,대표님(원장님) 귀하,02-359-0456,파보 장염 초기대응 및 집단폐사 방어 파보겔 취급점 안내
03662,서울특별시 서대문구 거북골로 ** (홍은동),,예일,대표님(원장님) 귀하,02-303-2066,파보 장염 초기대응 및 집단폐사 방어 파보겔 취급점 안내
03785,"서울특별시 서대문구 신촌로 **, *층 (창천동)",,몽냥몽냥,대표님(원장님) 귀하,02-332-7660,파보 장염 초기대응 및 집단폐사 방어 파보겔 취급점 안내
03765,"서울특별시 서대문구 이화여대길 **, *층 (대현동)",,비쇼네 이대점,대표님(원장님) 귀하,02-363-1781,파보 장염 초기대응 및 집단폐사 방어 파보겔 취급점 안내
04124,"서울특별시 마포구 대흥로**길 **, 상가 B층 ***호 (염리동, 마포프레스티지자이)",,서울준동물병원,대표님(원장님) 귀하,02-6954-7522,파보 장염 초기대응 및 집단폐사 방어 파보겔 취급점 안내
03977,서울특별시 마포구 연남로 ** (연남동),,슈가네,대표님(원장님) 귀하,02-6396-8234,파보 장염 초기대응 및 집단폐사 방어 파보겔 취급점 안내
04057,서울특별시 마포구 신촌로**길 **(노고산동),,서진 동물병원,대표님(원장님) 귀하,02-336-3929,파보 장염 초기대응 및 집단폐사 방어 파보겔 취급점 안내
03992,"서울특별시 마포구 동교로**길 **, *층 (동교동)",,(주)상상유니버스,대표님(원장님) 귀하,070-7719-0028,파보 장염 초기대응 및 집단폐사 방어 파보겔 취급점 안내
03992,"서울특별시 마포구 동교로**길 **, *층 (동교동)",,행복한세상,대표님(원장님) 귀하,070-7719-0029,파보 장염 초기대응 및 집단폐사 방어 파보겔 취급점 안내
08082,"서울특별시 양천구 신월로 ***, *층 (신정동)",,목동 요미독앤캣 강아지분양 고양이분양,대표님(원장님) 귀하,02-6397-1566,파보 장염 초기대응 및 집단폐사 방어 파보겔 취급점 안내
08028,"서울특별시 양천구 중앙로 ***, *층 (신월동)",,우신펫샵,대표님(원장님) 귀하,02-2699-9295,파보 장염 초기대응 및 집단폐사 방어 파보겔 취급점 안내
,"서울특별시 양천구 오목로 *** (목동,목동트라팰리스 지하 *층)",,밀레펫(이마트 목동점),대표님(원장님) 귀하,031-485-5820,파보 장염 초기대응 및 집단폐사 방어 파보겔 취급점 안내
07590,"서울특별시 강서구 공항대로 *** (등촌동, 경왕빌딩)",,아프리카펫센터,대표님(원장님) 귀하,02-3665-7579,파보 장염 초기대응 및 집단폐사 방어 파보겔 취급점 안내
07567,"서울특별시 강서구 화곡로 ***, 홈플러스강서점앤본사사옥 *층 (등촌동)",,(주)그린아쿠아펫,대표님(원장님) 귀하,02-2660-8000,파보 장염 초기대응 및 집단폐사 방어 파보겔 취급점 안내
07505,"서울특별시 강서구 하늘길 ** (방화동, 스카이시티)",,강동수족관(롯데마트 김포공항점),대표님(원장님) 귀하,02-2601-7064,파보 장염 초기대응 및 집단폐사 방어 파보겔 취급점 안내
07567,"서울특별시 강서구 화곡로 *** (등촌동, 삼성홈플러스강서점)",,도그플러스 동물병원,대표님(원장님) 귀하,02-3662-3533,파보 장염 초기대응 및 집단폐사 방어 파보겔 취급점 안내
07721,서울특별시 강서구 까치산로 ** (화곡동),,놀러오개,대표님(원장님) 귀하,070-4062-0707,파보 장염 초기대응 및 집단폐사 방어 파보겔 취급점 안내
07543,서울특별시 강서구 양천로 ***-*(염창동),,푸른들동물병원,대표님(원장님) 귀하,02-2699-1222,파보 장염 초기대응 및 집단폐사 방어 파보겔 취급점 안내
07526,"서울특별시 강서구 양천로**길 **-**, 이스타빌*차 *층 ***호 (가양동)",,해맑은 동물병원,대표님(원장님) 귀하,02-3663-7584,파보 장염 초기대응 및 집단폐사 방어 파보겔 취급점 안내
08311,서울특별시 구로구 구로동로**길 ** (구로동),,구로애조원,대표님(원장님) 귀하,02-868-5911,파보 장염 초기대응 및 집단폐사 방어 파보겔 취급점 안내
08206,"서울특별시 구로구 신도림로 *, ***호 (신도림동)",,구로다나은동물병원,대표님(원장님) 귀하,02-2672-7582,파보 장염 초기대응 및 집단폐사 방어 파보겔 취급점 안내
08379,서울특별시 구로구 디지털로**길 ** (구로동),,로얄수족관,대표님(원장님) 귀하,2690-7311,파보 장염 초기대응 및 집단폐사 방어 파보겔 취급점 안내
,"서울특별시 금천구 시흥대로 *** (독산동,홈플러스 *층)",,아쿠아플러스(주) 금천점,대표님(원장님) 귀하,02-890-8000,파보 장염 초기대응 및 집단폐사 방어 파보겔 취급점 안내
08628,"서울특별시 금천구 시흥대로 ***, *층 (시흥동)",,도그킹,대표님(원장님) 귀하,02-6487-2227,파보 장염 초기대응 및 집단폐사 방어 파보겔 취급점 안내
08504,"서울특별시 금천구 가산디지털*로 ***-**, 가산모비우스타워 ****-*호 (가산동)",,(주) 엠에이디씨,대표님(원장님) 귀하,02-6925-5866,파보 장염 초기대응 및 집단폐사 방어 파보겔 취급점 안내
08632,"서울특별시 금천구 시흥대로 ***, 삼성홈플러스 지하 *층 (시흥동)",,홈플러스 시흥점 수족관,대표님(원장님) 귀하,02-895-2080,파보 장염 초기대응 및 집단폐사 방어 파보겔 취급점 안내
,"서울특별시 영등포구 당산로 ** (문래동*가,삼성홈플러스빌딩 *층)",,도그플러스동물병원,대표님(원장님) 귀하,2069-0082,파보 장염 초기대응 및 집단폐사 방어 파보겔 취급점 안내
07305,"서울특별시 영등포구 영중로 **, 타임스퀘어 지하층 B***호 (영등포동*가)",,러브펫 동물병원,대표님(원장님) 귀하,02-2634-8275,파보 장염 초기대응 및 집단폐사 방어 파보겔 취급점 안내
07301,서울특별시 영등포구 영중로 ** (영등포동*가),,베이비몽,대표님(원장님) 귀하,02-6180-0086,파보 장염 초기대응 및 집단폐사 방어 파보겔 취급점 안내
07436,서울특별시 영등포구 신길로 **(신길동),,신풍,대표님(원장님) 귀하,02-835-7572,파보 장염 초기대응 및 집단폐사 방어 파보겔 취급점 안내
07326,"서울특별시 영등포구 국제금융로 **, 서울 국제금융 센터 비*동 엘*층 (여의도동)",,비쇼네,대표님(원장님) 귀하,6137-5236,파보 장염 초기대응 및 집단폐사 방어 파보겔 취급점 안내
06661,서울특별시 서초구 서초대로 *** (방배동),,아이러브독 서초점,대표님(원장님) 귀하,02-523-8077,파보 장염 초기대응 및 집단폐사 방어 파보겔 취급점 안내
06791,"서울특별시 서초구 논현로*길 ** (양재동, 서초미르)",,언커먼독,대표님(원장님) 귀하,02-1600-3466,파보 장염 초기대응 및 집단폐사 방어 파보겔 취급점 안내
06575,"서울특별시 서초구 사평대로**길 **, *층 (반포동)",,낭만고양이,대표님(원장님) 귀하,02-3477-9005,파보 장염 초기대응 및 집단폐사 방어 파보겔 취급점 안내
06680,"서울특별시 서초구 방배중앙로 **, ***호 (방배동)",,도그소사이어티,대표님(원장님) 귀하,02-582-5998,파보 장염 초기대응 및 집단폐사 방어 파보겔 취급점 안내
06687,"서울특별시 서초구 효령로 **, 효서빌딩 (방배동)",,잇츠그루밍타임,대표님(원장님) 귀하,02-533-8086,파보 장염 초기대응 및 집단폐사 방어 파보겔 취급점 안내
06018,"서울특별시 강남구 선릉로***길 **-*, *층 (신사동)",,슈퍼바우,대표님(원장님) 귀하,1577-2711,파보 장염 초기대응 및 집단폐사 방어 파보겔 취급점 안내
06028,서울특별시 강남구 압구정로**길 ** (신사동),,강아지마을2012,대표님(원장님) 귀하,070-4001-3345,파보 장염 초기대응 및 집단폐사 방어 파보겔 취급점 안내
06013,"서울특별시 강남구 압구정로**길 **-*, *층 (청담동)",,멈미스,대표님(원장님) 귀하,02-512-0401,파보 장염 초기대응 및 집단폐사 방어 파보겔 취급점 안내
06056,"서울특별시 강남구 선릉로 ***, 한솔빌딩 *층 (논현동)",,청담펫츠,대표님(원장님) 귀하,02-548-8844,파보 장염 초기대응 및 집단폐사 방어 파보겔 취급점 안내
06083,"서울특별시 강남구 영동대로 ***, *층 브이***호 (삼성동, 삼성동 미켈란 ***)",,파이리코,대표님(원장님) 귀하,02-6205-1188,파보 장염 초기대응 및 집단폐사 방어 파보겔 취급점 안내
05625,서울특별시 송파구 송파대로 *** (송파동),,PET WAVE,대표님(원장님) 귀하,02-1551-1515,파보 장염 초기대응 및 집단폐사 방어 파보겔 취급점 안내
05836,"서울특별시 송파구 법원로 ***, 문정대명벨리온 ***호 (문정동)",,유니온바이오메트릭스,대표님(원장님) 귀하,02-6488-3147,파보 장염 초기대응 및 집단폐사 방어 파보겔 취급점 안내
05805,"서울특별시 송파구 동남로*길 *, 대전빌딩 *층 (문정동)",,(주)로지스톤,대표님(원장님) 귀하,02-400-1387,파보 장염 초기대응 및 집단폐사 방어 파보겔 취급점 안내
05790,"서울특별시 송파구 위례서로 ***, 위례제일주유소 *층 (거여동)",,야옹아멍멍해봐 송파위례점,대표님(원장님) 귀하,02-3012-4400,파보 장염 초기대응 및 집단폐사 방어 파보겔 취급점 안내
05566,"서울특별시 송파구 석촌호수로 ***, *층 (잠실동)",,잠실 강아지분양 고양이분양 서리펫,대표님(원장님) 귀하,1566-8713,파보 장염 초기대응 및 집단폐사 방어 파보겔 취급점 안내
05600,서울특별시 송파구 석촌호수로 *** (삼전동),,잠실준25시동물병원,대표님(원장님) 귀하,02-415-7580,파보 장염 초기대응 및 집단폐사 방어 파보겔 취급점 안내
05840,"서울특별시 송파구 충민로 **, 지하*층 (문정동, 가든파이브툴)",,몰리스펫샵 코리아퍼피 가든점,대표님(원장님) 귀하,070-8870-8245,파보 장염 초기대응 및 집단폐사 방어 파보겔 취급점 안내
05804,서울특별시 송파구 동남로*길 ** (문정동),,리얼허브애견카페,대표님(원장님) 귀하,02-449-2700,파보 장염 초기대응 및 집단폐사 방어 파보겔 취급점 안내
05603,서울특별시 송파구 삼학사로 ** (삼전동),,하트동물메디컬센터,대표님(원장님) 귀하,02-424-2955,파보 장염 초기대응 및 집단폐사 방어 파보겔 취급점 안내
05403,서울특별시 강동구 양재대로**길 ** (성내동),,하치이야기,대표님(원장님) 귀하,02-479-3385,파보 장염 초기대응 및 집단폐사 방어 파보겔 취급점 안내
05328,"서울특별시 강동구 천호대로 **** (천호동, 이마트)",,로얄수족관,대표님(원장님) 귀하,02-2690-7311,파보 장염 초기대응 및 집단폐사 방어 파보겔 취급점 안내
05319,서울특별시 강동구 상암로 **-*(천호동),,멍멍이냥 강아지분양,대표님(원장님) 귀하,02-470-4469,파보 장염 초기대응 및 집단폐사 방어 파보겔 취급점 안내
05343,"서울특별시 강동구 양재대로 ****, c동 *층 (길동)",,미소펫,대표님(원장님) 귀하,02-486-4589,파보 장염 초기대응 및 집단폐사 방어 파보겔 취급점 안내
05405,"서울특별시 강동구 양재대로**가길 **, 키키빌딩 *층 (성내동)",,포포앤미루 강동점,대표님(원장님) 귀하,02-471-8825,파보 장염 초기대응 및 집단폐사 방어 파보겔 취급점 안내
05374,"서울특별시 강동구 양재대로***길 **, ***호 (성내동)",,어바웃독,대표님(원장님) 귀하,02-558-8077,파보 장염 초기대응 및 집단폐사 방어 파보겔 취급점 안내
22324,"인천광역시 중구 인중로 ***, 동인천이마트 (신생동)",,(주)이마트 동인천점,대표님(원장님) 귀하,032-451-1234,파보 장염 초기대응 및 집단폐사 방어 파보겔 취급점 안내
22322,"인천광역시 중구 우현로 ** (내동, 피아투,강아지나라)",,강아지나라,대표님(원장님) 귀하,032-762-1094,파보 장염 초기대응 및 집단폐사 방어 파보겔 취급점 안내
22322,"인천광역시 제물포구 우현로 ** (내동, 피아투,강아지나라)",,강아지나라,대표님(원장님) 귀하,032-762-1094,파보 장염 초기대응 및 집단폐사 방어 파보겔 취급점 안내
22545,인천광역시 제물포구 송림로 *** (송림동),,주주클럽,대표님(원장님) 귀하,032-777-4599,파보 장염 초기대응 및 집단폐사 방어 파보겔 취급점 안내
22324,"인천광역시 제물포구 인중로 ***, 동인천이마트 (신생동)",,(주)이마트 동인천점,대표님(원장님) 귀하,032-451-1234,파보 장염 초기대응 및 집단폐사 방어 파보겔 취급점 안내
22560,인천광역시 제물포구 새천년로 ** (송림동),,밍키애견,대표님(원장님) 귀하,032-889-5001,파보 장염 초기대응 및 집단폐사 방어 파보겔 취급점 안내
22210,인천광역시 미추홀구 인하로***번길 * (용현동),,둥지애견,대표님(원장님) 귀하,032-874-1555,파보 장염 초기대응 및 집단폐사 방어 파보겔 취급점 안내
22153,인천광역시 미추홀구 제일로 ** (도화동),,토토애견,대표님(원장님) 귀하,032-873-8015,파보 장염 초기대응 및 집단폐사 방어 파보겔 취급점 안내
22139,인천광역시 미추홀구 경인로***번길 **-** (주안동),,아지세상(애견샾),대표님(원장님) 귀하,032-876-1253,파보 장염 초기대응 및 집단폐사 방어 파보겔 취급점 안내
22134,"인천광역시 미추홀구 주안로 ***, *층 (주안동)",,버디독 고양이분양 강아지분양 안심분양센터 인천점,대표님(원장님) 귀하,070-4795-9394,파보 장염 초기대응 및 집단폐사 방어 파보겔 취급점 안내
22201,"인천광역시 미추홀구 소성로 *, 홈플러스 B*층 (학익동)",,홈플러스 인하점 수족관,대표님(원장님) 귀하,032-763-2080,파보 장염 초기대응 및 집단폐사 방어 파보겔 취급점 안내
22001,"인천광역시 연수구 컨벤시아대로 **, ***동 ***, ***호 (송도동, 푸르지오월드마크)",,섹시독,대표님(원장님) 귀하,032-834-0907,파보 장염 초기대응 및 집단폐사 방어 파보겔 취급점 안내
21926,"인천광역시 연수구 청능대로 ** (청학동, 롯데마트 연수점)",,한강아쿠아 롯데마트 연수점,대표님(원장님) 귀하,031-527-4244,파보 장염 초기대응 및 집단폐사 방어 파보겔 취급점 안내
21975,"인천광역시 연수구 청능대로 ***, 홈플러스 인천연수점 B*층 X*,YF호 (동춘동)",,몽몽이하우스 인천연수점,대표님(원장님) 귀하,032-822-8275,파보 장염 초기대응 및 집단폐사 방어 파보겔 취급점 안내
22002,"인천광역시 연수구 신송로 ***-**, 대경스위트리아 ***호 (송도동)",,퍼피하우스 인천송도점,대표님(원장님) 귀하,070-4197-9594,파보 장염 초기대응 및 집단폐사 방어 파보겔 취급점 안내
21998,"인천광역시 연수구 컨벤시아대로 ***, 롯데마트 *층 (송도동)",,한강아쿠아영어조합법인 송도점,대표님(원장님) 귀하,031-527-4244,파보 장염 초기대응 및 집단폐사 방어 파보겔 취급점 안내
21998,"인천광역시 연수구 테크노파크로***번길 *, 스타빌딩 ***-B**호 (송도동)",,주식회사 우연컴퍼니,대표님(원장님) 귀하,02-2038-8602,파보 장염 초기대응 및 집단폐사 방어 파보겔 취급점 안내
21545,인천광역시 남동구 남동대로 *** (간석동),,유앤미펫 강아지분양 고양이분양 인천본점,대표님(원장님) 귀하,1670-2699,파보 장염 초기대응 및 집단폐사 방어 파보겔 취급점 안내
21530,인천광역시 남동구 무네미로 ***-** (장수동),,인천개공원 카페,대표님(원장님) 귀하,032-461-6021,파보 장염 초기대응 및 집단폐사 방어 파보겔 취급점 안내
21589,인천광역시 남동구 인주대로 *** (만수동),,애견용품 창고형 할인매장,대표님(원장님) 귀하,032-471-0289,파보 장염 초기대응 및 집단폐사 방어 파보겔 취급점 안내
21673,"인천광역시 남동구 앵고개로 ***, *층 ***, ***, ***호 (논현동)",,인천강아지분양 고양이분양 도그마루,대표님(원장님) 귀하,1566-8713,파보 장염 초기대응 및 집단폐사 방어 파보겔 취급점 안내
21007,"인천광역시 계양구 장제로 ****, 장기빌딩 *층 (장기동)",,퍼피월드,대표님(원장님) 귀하,032-551-7896,파보 장염 초기대응 및 집단폐사 방어 파보겔 취급점 안내
21120,"인천광역시 계양구 계양대로**번길 *, ***호 (작전동)",,자연동물병원,대표님(원장님) 귀하,032-551-0975,파보 장염 초기대응 및 집단폐사 방어 파보겔 취급점 안내
22765,인천광역시 서해구 옥빛로*번안길 * (청라동),,베이비몽 강아지분양 인천청라점,대표님(원장님) 귀하,032-561-9770,파보 장염 초기대응 및 집단폐사 방어 파보겔 취급점 안내
22778,"인천광역시 서해구 가정로 ***, 서경 플러스 존 B**층 (신현동)",,판다팜 서구신현점,대표님(원장님) 귀하,032-572-9341,파보 장염 초기대응 및 집단폐사 방어 파보겔 취급점 안내
22722,"인천광역시 서해구 서곶로 ***, *층 (연희동)",,우리동물병원,대표님(원장님) 귀하,032-566-0075,파보 장염 초기대응 및 집단폐사 방어 파보겔 취급점 안내
22813,"인천광역시 서해구 고래울로 **, *층 (가좌동)",,헤르젠PH컷,대표님(원장님) 귀하,032-577-0365,파보 장염 초기대응 및 집단폐사 방어 파보겔 취급점 안내
16252,경기도 수원시 팔달구 정조로 *** (장안동),,애견백화점,대표님(원장님) 귀하,031-256-5090,파보 장염 초기대응 및 집단폐사 방어 파보겔 취급점 안내
16579,"경기도 수원시 권선구 세권로 ***, ***호 (세류동, 해피하임아파트)",,펫독 강아지고양이분양 미용,대표님(원장님) 귀하,031-698-6821,파보 장염 초기대응 및 집단폐사 방어 파보겔 취급점 안내
,경기도 수원시 권선구 수인로 *** (구운동),,(주)밀레펫 서수원점,대표님(원장님) 귀하,031-485-5820,파보 장염 초기대응 및 집단폐사 방어 파보겔 취급점 안내
16585,"경기도 수원시 권선구 경수대로 ***, *층 (권선동)",,(주)밀레펫 수원점,대표님(원장님) 귀하,031-485-5820,파보 장염 초기대응 및 집단폐사 방어 파보겔 취급점 안내
16553,경기도 수원시 권선구 동수원로 *** (권선동),,쿨펫동물병원,대표님(원장님) 귀하,031-237-1175,파보 장염 초기대응 및 집단폐사 방어 파보겔 취급점 안내
16705,경기도 수원시 영통구 반달로 ** (영통동),,수원강아지분양 고양이분양 아이러브독 말티즈말티푸미니비숑,대표님(원장님) 귀하,031-204-2357,파보 장염 초기대응 및 집단폐사 방어 파보겔 취급점 안내
16577,"경기도 수원시 권선구 정조로 ***, *층 (세류동)",,펫츠랑,대표님(원장님) 귀하,031-226-1515,파보 장염 초기대응 및 집단폐사 방어 파보겔 취급점 안내
16334,"경기도 수원시 장안구 대평로**번길 **, 라이프스포츠 수원 ***,***(일부)호 (정자동)",,해피주 수원점,대표님(원장님) 귀하,031-546-0980,파보 장염 초기대응 및 집단폐사 방어 파보겔 취급점 안내
16470,"경기도 수원시 팔달구 중부대로**번길 **, *,*층 (인계동)",,해피펫클럽,대표님(원장님) 귀하,031-234-2001,파보 장염 초기대응 및 집단폐사 방어 파보겔 취급점 안내
16465,경기도 수원시 팔달구 정조로***번길 ** (매교동),,수원시바견,대표님(원장님) 귀하,031-303-9525,파보 장염 초기대응 및 집단폐사 방어 파보겔 취급점 안내
16705,"경기도 수원시 영통구 청명남로 **, 거성빌딩 *층 ***호 (영통동)",,아가마미 고양이카페,대표님(원장님) 귀하,031-203-4075,파보 장염 초기대응 및 집단폐사 방어 파보겔 취급점 안내
13617,"경기도 성남시 분당구 금곡로 ***, ***호 (금곡동)",,아마존,대표님(원장님) 귀하,031-714-5530,파보 장염 초기대응 및 집단폐사 방어 파보겔 취급점 안내
13601,경기도 성남시 분당구 발이봉북로**번길 * (수내동),,우정앤독스,대표님(원장님) 귀하,070-4202-7788,파보 장염 초기대응 및 집단폐사 방어 파보겔 취급점 안내
13123,경기도 성남시 수정구 수정남로***번길 * (산성동),,몽땅 펫샾,대표님(원장님) 귀하,070-5035-0760,파보 장염 초기대응 및 집단폐사 방어 파보겔 취급점 안내
13558,"경기도 성남시 분당구 성남대로 ***, ***호 (정자동, 시그마타워)",,비포유,대표님(원장님) 귀하,031-715-2298,파보 장염 초기대응 및 집단폐사 방어 파보겔 취급점 안내
13477,경기도 성남시 분당구 운중로***번길 *-* (판교동),,멍스터,대표님(원장님) 귀하,8016-5359,파보 장염 초기대응 및 집단폐사 방어 파보겔 취급점 안내
13609,경기도 성남시 분당구 백현로***번길 *-* (정자동),,해피애견타운 분당판교점,대표님(원장님) 귀하,031-713-3210,파보 장염 초기대응 및 집단폐사 방어 파보겔 취급점 안내
13362,"경기도 성남시 중원구 광명로***번길 **, *층 (성남동)",,마쵸,대표님(원장님) 귀하,031-723-9567,파보 장염 초기대응 및 집단폐사 방어 파보겔 취급점 안내
13539,경기도 성남시 분당구 안양판교로****번길 ** (백현동),,도그스101,대표님(원장님) 귀하,031-701-7942,파보 장염 초기대응 및 집단폐사 방어 파보겔 취급점 안내
13596,"경기도 성남시 분당구 백현로 *** (정자동, 정자I PARK)",,펫 파라다이스,대표님(원장님) 귀하,070-8840-8182,파보 장염 초기대응 및 집단폐사 방어 파보겔 취급점 안내
13100,경기도 성남시 수정구 오야남로**번길 **-* (오야동),,(주)펫꼬뺑이,대표님(원장님) 귀하,02-6457-8000,파보 장염 초기대응 및 집단폐사 방어 파보겔 취급점 안내
13347,"경기도 성남시 수정구 시민로 ***, ***호 (신흥동)",,한빛,대표님(원장님) 귀하,070-8888-9830,파보 장염 초기대응 및 집단폐사 방어 파보겔 취급점 안내
13477,"경기도 성남시 분당구 운중로***번길 **-*, *층 (판교동)",,러빈펫(lovin pet),대표님(원장님) 귀하,070-7756-2986,파보 장염 초기대응 및 집단폐사 방어 파보겔 취급점 안내
13288,"경기도 성남시 수정구 탄리로**번길 *, *층 (태평동)",,행복한강아지,대표님(원장님) 귀하,031-755-8384,파보 장염 초기대응 및 집단폐사 방어 파보겔 취급점 안내
13180,경기도 성남시 중원구 희망로 *** (금광동),,서울동물병원,대표님(원장님) 귀하,031-733-1119,파보 장염 초기대응 및 집단폐사 방어 파보겔 취급점 안내
13536,"경기도 성남시 분당구 판교역로**번길 **, *층 (백현동)",,퍼피블러썸,대표님(원장님) 귀하,070-4119-3355,파보 장염 초기대응 및 집단폐사 방어 파보겔 취급점 안내
13305,"경기도 성남시 수정구 수정로 ***, *층 (태평동)",,중앙동물병원,대표님(원장님) 귀하,031-755-9429,파보 장염 초기대응 및 집단폐사 방어 파보겔 취급점 안내
13647,"경기도 성남시 수정구 위례서일로*길 *-**, *층 (창곡동)",,바우스토리,대표님(원장님) 귀하,031-756-5882,파보 장염 초기대응 및 집단폐사 방어 파보겔 취급점 안내
13647,"경기도 성남시 수정구 위례서일로*길 *-**, *층 ***호 (창곡동)",,아인츠독 강아지애견분양 성남위례본점,대표님(원장님) 귀하,031-757-4885,파보 장염 초기대응 및 집단폐사 방어 파보겔 취급점 안내
13604,"경기도 성남시 분당구 불곡로 *, 리더스프라자 *층 ***호 (정자동)",,반하다펫,대표님(원장님) 귀하,031-713-4552,파보 장염 초기대응 및 집단폐사 방어 파보겔 취급점 안내
,"경기도 성남시 분당구 불곡로 *, ***호 (정자동,리더스프라자)",,플란다스의 개,대표님(원장님) 귀하,031-718-4552,파보 장염 초기대응 및 집단폐사 방어 파보겔 취급점 안내
13352,"경기도 성남시 수정구 시민로 ***, *층 (신흥동)",,펫다방,대표님(원장님) 귀하,070-4632-3239,파보 장염 초기대응 및 집단폐사 방어 파보겔 취급점 안내
,경기도 성남시 분당구 판교역로**번길 **-* (백현동),,마이 프렌즈,대표님(원장님) 귀하,8017-7708,파보 장염 초기대응 및 집단폐사 방어 파보겔 취급점 안내
,경기도 성남시 분당구 동판교로**번길 **-* (백현동),,프라임 도그,대표님(원장님) 귀하,070-8639-2098,파보 장염 초기대응 및 집단폐사 방어 파보겔 취급점 안내
13525,"경기도 성남시 분당구 동판교로***번길 ** (삼평동, 판교 호반 써밋 플레이스)",,이리온동물병원 아브뉴프랑 판교점,대표님(원장님) 귀하,031-8017-6125,파보 장염 초기대응 및 집단폐사 방어 파보겔 취급점 안내
13612,"경기도 성남시 분당구 내정로**번길 *-**, ***호 (정자동, 금산파킹프라자)",,사랑해줄개,대표님(원장님) 귀하,031-713-1366,파보 장염 초기대응 및 집단폐사 방어 파보겔 취급점 안내
13586,"경기도 성남시 분당구 분당로***번길 **, ***호 (서현동, 효자촌 분산상가 )",,달려라 바우,대표님(원장님) 귀하,070-4643-1302,파보 장염 초기대응 및 집단폐사 방어 파보겔 취급점 안내
13501,"경기도 성남시 분당구 양현로 ***, *층 (야탑동)",,젠동물병원,대표님(원장님) 귀하,031-752-0075,파보 장염 초기대응 및 집단폐사 방어 파보겔 취급점 안내
13568,"경기도 성남시 분당구 양현로**번길 *, ***호 (이매동)",,꽃강아지,대표님(원장님) 귀하,031-701-2770,파보 장염 초기대응 및 집단폐사 방어 파보겔 취급점 안내
11697,경기도 의정부시 태평로 ** (의정부동),,베스트 의정부 애견 미용학원,대표님(원장님) 귀하,031-821-2066,파보 장염 초기대응 및 집단폐사 방어 파보겔 취급점 안내
11651,"경기도 의정부시 시민로 **, 센트럴타워 *층 ***,***,***,***호 (의정부동)",,데일리독 의정부강아지분양 애견분양,대표님(원장님) 귀하,031-878-6319,파보 장염 초기대응 및 집단폐사 방어 파보겔 취급점 안내
11692,경기도 의정부시 호국로 ****(의정부동),,펫캐슬 의정부 강아지분양 고양이분양 애견샵,대표님(원장님) 귀하,031-846-8255,파보 장염 초기대응 및 집단폐사 방어 파보겔 취급점 안내
11695,"경기도 의정부시 시민로***번길 **, *층 (의정부동)",,베리독 강아지 고양이 의정부점,대표님(원장님) 귀하,031-848-2230,파보 장염 초기대응 및 집단폐사 방어 파보겔 취급점 안내
11692,"경기도 의정부시 행복로 **, *, *층 (의정부동)",,의정부 강아지분양 고양이분양 애견분양 펫하임 의정부본점,대표님(원장님) 귀하,031-843-4200,파보 장염 초기대응 및 집단폐사 방어 파보겔 취급점 안내
13991,경기도 안양시 만안구 안양로***번길 * (안양동),,안양애견,대표님(원장님) 귀하,031-448-9339,파보 장염 초기대응 및 집단폐사 방어 파보겔 취급점 안내
13991,경기도 안양시 만안구 안양로 *** (안양동),,럭셔리애견사랑,대표님(원장님) 귀하,031-444-0724,파보 장염 초기대응 및 집단폐사 방어 파보겔 취급점 안내
13988,"경기도 안양시 만안구 안양로 ***, *층 (안양동)",,이즈펫 강아지분양 고양이분양 본점,대표님(원장님) 귀하,031-458-8282,파보 장염 초기대응 및 집단폐사 방어 파보겔 취급점 안내
13992,"경기도 안양시 만안구 만안로 ***, *층 (안양동)",,스타독,대표님(원장님) 귀하,031-465-3188,파보 장염 초기대응 및 집단폐사 방어 파보겔 취급점 안내
13937,"경기도 안양시 동안구 관악대로 ***-*, *층 (관양동)",,베베캣 고양이,대표님(원장님) 귀하,031-387-2080,파보 장염 초기대응 및 집단폐사 방어 파보겔 취급점 안내
14066,"경기도 안양시 동안구 시민대로 ***, 이마트평촌점 지하*층 (관양동)",,웰니스(평촌),대표님(원장님) 귀하,031-382-0011,파보 장염 초기대응 및 집단폐사 방어 파보겔 취급점 안내
14055,"경기도 안양시 동안구 시민대로***번길 *, W에이스타워 ***호, ***호 (관양동)",,힐링주,대표님(원장님) 귀하,031-340-4411,파보 장염 초기대응 및 집단폐사 방어 파보겔 취급점 안내
14103,"경기도 안양시 동안구 평촌대로 ***, 평촌트윈마트 ***호 일부, ***호 일부호 (평촌동)",,평촌동물병원,대표님(원장님) 귀하,031-384-9505,파보 장염 초기대응 및 집단폐사 방어 파보겔 취급점 안내
14537,"경기도 부천시 원미구 길주로 ***, ***호 (중동, 에스티마오피스텔)",,미니펫 강아지분양 고양이분양 부천점,대표님(원장님) 귀하,032-326-8990,파보 장염 초기대응 및 집단폐사 방어 파보겔 취급점 안내
14407,"경기도 부천시 오정구 역곡로***번길 **, *층 (고강동)",,예쁘개,대표님(원장님) 귀하,032-671-0097,파보 장염 초기대응 및 집단폐사 방어 파보겔 취급점 안내
,경기도 부천시 원미구 중동 ****,,로얄수족관,대표님(원장님) 귀하,032-718-1052,파보 장염 초기대응 및 집단폐사 방어 파보겔 취급점 안내
14335,경기도 광명시 아방리*길 ** (노온사동),,가가동물원,대표님(원장님) 귀하,02-2615-1021,파보 장염 초기대응 및 집단폐사 방어 파보겔 취급점 안내
14220,"경기도 광명시 오리로 ***, 크로앙스 지하*층 (광명동)",,광명 꽃 수족관,대표님(원장님) 귀하,02-2625-6004,파보 장염 초기대응 및 집단폐사 방어 파보겔 취급점 안내
14220,"경기도 광명시 오리로 ***, 크로앙스 지하*층 (광명동)",,데코스,대표님(원장님) 귀하,02-2067-8955,파보 장염 초기대응 및 집단폐사 방어 파보겔 취급점 안내
14314,"경기도 광명시 금하로 ***, 비앤팰리스 *층 ***호 (소하동)",,내품안의반려견광명점,대표님(원장님) 귀하,070-7809-7771,파보 장염 초기대응 및 집단폐사 방어 파보겔 취급점 안내
14316,"경기도 광명시 소하로 **, 이마트 소하점 *층 (소하동)",,로얄 수족관,대표님(원장님) 귀하,02-6918-1234,파보 장염 초기대응 및 집단폐사 방어 파보겔 취급점 안내
14327,"경기도 광명시 오리로 ***, 창업지원센터 ***호 (소하동)",,주식회사 우연컴퍼니,대표님(원장님) 귀하,02-2038-8602,파보 장염 초기대응 및 집단폐사 방어 파보겔 취급점 안내
17777,경기도 평택시 송탄로 *** (서정동),,마루네 애견사랑,대표님(원장님) 귀하,031-664-1010,파보 장염 초기대응 및 집단폐사 방어 파보겔 취급점 안내
17756,경기도 평택시 송탄로 *** (지산동),,펫 프렌즈,대표님(원장님) 귀하,031-668-7955,파보 장염 초기대응 및 집단폐사 방어 파보겔 취급점 안내
,경기도 평택시 평택로 ** (평택동),,작은동물원,대표님(원장님) 귀하,031-651-8979,파보 장염 초기대응 및 집단폐사 방어 파보겔 취급점 안내
,경기도 평택시 영신로 ** (동삭동),,(주)밀레펫(이마트평택점),대표님(원장님) 귀하,031-371-1052,파보 장염 초기대응 및 집단폐사 방어 파보겔 취급점 안내
17825,경기도 평택시 은실고가길 *** (세교동),,야옹아 멍멍해봐,대표님(원장님) 귀하,031-668-3330,파보 장염 초기대응 및 집단폐사 방어 파보겔 취급점 안내
11355,경기도 동두천시 평화로****번길 ** (송내동),,롯데마트 동두천점(한강아쿠아),대표님(원장님) 귀하,031-527-4244,파보 장염 초기대응 및 집단폐사 방어 파보겔 취급점 안내
11333,"경기도 동두천시 큰시장로 **, 고려빌딩 (생연동)",,현대애견,대표님(원장님) 귀하,031-865-5393,파보 장염 초기대응 및 집단폐사 방어 파보겔 취급점 안내
11353,"경기도 동두천시 강변로 ***, 송내아이파크상가 ***호 (송내동)",,아이러브퍼피,대표님(원장님) 귀하,031-866-9877,파보 장염 초기대응 및 집단폐사 방어 파보겔 취급점 안내
15299,"경기도 안산시 상록구 항가울로 ***, 롯데마트 *층 (성포동)",,웰니스동물병원,대표님(원장님) 귀하,031-414-1275,파보 장염 초기대응 및 집단폐사 방어 파보겔 취급점 안내
15465,"경기도 안산시 단원구 광덕*로 ***, *층 (고잔동)",,주식회사 와글,대표님(원장님) 귀하,031-481-8599,파보 장염 초기대응 및 집단폐사 방어 파보겔 취급점 안내
15253,경기도 안산시 단원구 선부로 *** (와동),,허브애견,대표님(원장님) 귀하,031-414-8885,파보 장염 초기대응 및 집단폐사 방어 파보겔 취급점 안내
15360,"경기도 안산시 단원구 중앙대로 ***, *층 (고잔동, 롯데프라자)",,(주) 가나펫,대표님(원장님) 귀하,031-402-4060,파보 장염 초기대응 및 집단폐사 방어 파보겔 취급점 안내
,경기도 안산시 단원구 원포공원*로 ** (초지동),,(주)밀레펫(이마트고잔점),대표님(원장님) 귀하,031-485-5820,파보 장염 초기대응 및 집단폐사 방어 파보겔 취급점 안내
15299,"경기도 안산시 상록구 충장로 ***, 롯데마트 (성포동)",,한강아쿠아 롯데마트 안산점,대표님(원장님) 귀하,031-572-7754,파보 장염 초기대응 및 집단폐사 방어 파보겔 취급점 안내
15541,"경기도 안산시 상록구 샘골로 ***, ***호 (본오동)",,해피애견,대표님(원장님) 귀하,031-419-3377,파보 장염 초기대응 및 집단폐사 방어 파보겔 취급점 안내
15489,"경기도 안산시 상록구 광덕*로 ***, ***호 (이동)",,컴페니언펫,대표님(원장님) 귀하,070-4202-0890,파보 장염 초기대응 및 집단폐사 방어 파보겔 취급점 안내
15496,"경기도 안산시 상록구 석호로 **, 지승빌딩 *층 (이동)",,안산 요미독앤캣 강아지분양 고양이분양,대표님(원장님) 귀하,031-403-0509,파보 장염 초기대응 및 집단폐사 방어 파보겔 취급점 안내
15658,"경기도 안산시 단원구 엠티브이*로 ***, 동신엔지니어링 (목내동)",,(주)펫콤,대표님(원장님) 귀하,031-8042-2888,파보 장염 초기대응 및 집단폐사 방어 파보겔 취급점 안내
10550,"경기도 고양시 덕양구 삼원로*길 **, B층 ***호 (삼송동)",,화이트 버블,대표님(원장님) 귀하,02-381-3327,파보 장염 초기대응 및 집단폐사 방어 파보겔 취급점 안내
10358,경기도 고양시 일산동구 무궁화로***번길 ** (정발산동),,미뇽 캣,대표님(원장님) 귀하,031-814-7749,파보 장염 초기대응 및 집단폐사 방어 파보겔 취급점 안내
10486,"경기도 고양시 덕양구 서정마을로 *, ***호 (행신동, 행신프라자)",,바비펫샵,대표님(원장님) 귀하,031-979-9798,파보 장염 초기대응 및 집단폐사 방어 파보겔 취급점 안내
10403,"경기도 고양시 일산동구 정발산로**번길 **, 라이저 오피스텔 *층 ***,***,***호 (장항동)",,일산강아지분양고양이분양 도그마루,대표님(원장님) 귀하,1566-8713,파보 장염 초기대응 및 집단폐사 방어 파보겔 취급점 안내
10546,"경기도 고양시 덕양구 꽃마을로 *, 고양향동 퍼스트타워 ***호 (향동동)",,골든햄스터분양 탬펫,대표님(원장님) 귀하,02-3158-2491,파보 장염 초기대응 및 집단폐사 방어 파보겔 취급점 안내
10464,"경기도 고양시 덕양구 호국로***번길 **, 덕산빌딩 *층 (성사동)",,동물의왕국(신원당동물병원 부속),대표님(원장님) 귀하,031-963-0075,파보 장염 초기대응 및 집단폐사 방어 파보겔 취급점 안내
,경기도 고양시 일산서구 대화동 **** 하나로프라자 ***호,,스틸블루 애견샵,대표님(원장님) 귀하,031-919-8910,파보 장염 초기대응 및 집단폐사 방어 파보겔 취급점 안내
,경기도 고양시 덕양구 화중로 ** (화정동),,한강아쿠아 (롯데마트 화정점),대표님(원장님) 귀하,031-527-4244,파보 장염 초기대응 및 집단폐사 방어 파보겔 취급점 안내
,경기도 구리시 동구릉로***번길 ** (인창동),,아쿠아 오리지널-롯데마트 구리점,대표님(원장님) 귀하,031-711-7785,파보 장염 초기대응 및 집단폐사 방어 파보겔 취급점 안내
11948,경기도 구리시 장자대로**번길 ** (수택동),,댕댕러브펫,대표님(원장님) 귀하,031-557-6767,파보 장염 초기대응 및 집단폐사 방어 파보겔 취급점 안내
11925,"경기도 구리시 체육관로 ***, *층 (교문동)",,스타트독 구리점,대표님(원장님) 귀하,031-555-8666,파보 장염 초기대응 및 집단폐사 방어 파보겔 취급점 안내
12105,"경기도 남양주시 두물로**번길 **, *층 (별내동)",,사랑해줄개,대표님(원장님) 귀하,031-527-7077,파보 장염 초기대응 및 집단폐사 방어 파보겔 취급점 안내
12149,"경기도 남양주시 늘을*로 **, 남양주 호평이마트 (호평동)",,(주)밀레펫,대표님(원장님) 귀하,031-590-1234,파보 장염 초기대응 및 집단폐사 방어 파보겔 취급점 안내
,경기도 남양주시 와부읍 월문천로 ** (롯데마트),,롯데마트 덕소점,대표님(원장님) 귀하,031-579-7700,파보 장염 초기대응 및 집단폐사 방어 파보겔 취급점 안내
12181,경기도 남양주시 화도읍 경춘로 **** (롯데마트 *층),,한강아쿠아 롯데마트 마석점,대표님(원장님) 귀하,031-527-4244,파보 장염 초기대응 및 집단폐사 방어 파보겔 취급점 안내
12113,경기도 남양주시 순화궁로 *** (별내동),,로얄수족관,대표님(원장님) 귀하,031-550-1234,파보 장염 초기대응 및 집단폐사 방어 파보겔 취급점 안내
12111,"경기도 남양주시 별내중앙로 ** (별내동, 동익미라벨 **-*)",,러블리 하우스,대표님(원장님) 귀하,031-574-5899,파보 장염 초기대응 및 집단폐사 방어 파보겔 취급점 안내
12209,경기도 남양주시 와부읍 수레로 **,,나라애견,대표님(원장님) 귀하,031-521-3888,파보 장염 초기대응 및 집단폐사 방어 파보겔 취급점 안내
12285,"경기도 남양주시 다산순환로 ***, 다산 아이파크 상가 ***호 (다산동)",,맘스펫 다산애견미용 호텔 분양,대표님(원장님) 귀하,031-552-7978,파보 장염 초기대응 및 집단폐사 방어 파보겔 취급점 안내
,경기도 오산시 경기대로 *** (원동),,(주)밀레펫,대표님(원장님) 귀하,031-369-7052,파보 장염 초기대응 및 집단폐사 방어 파보겔 취급점 안내
,경기도 오산시 대원로**번길 ** (오산동),,베스트피쉬 수족관,대표님(원장님) 귀하,031-378-7885,파보 장염 초기대응 및 집단폐사 방어 파보겔 취급점 안내
18140,"경기도 오산시 운천로 *, *층 (원동, 경기동물메디컬센터)",,경기동물메디컬센터,대표님(원장님) 귀하,031-375-8875,파보 장염 초기대응 및 집단폐사 방어 파보겔 취급점 안내
18120,경기도 오산시 궐리사로**번길 ** (궐동),,개꿈꾸는 고양이,대표님(원장님) 귀하,031-378-0907,파보 장염 초기대응 및 집단폐사 방어 파보겔 취급점 안내
18109,"경기도 오산시 여계산로 ** (금암동, 휴먼시아 데시앙APT 단지내상가 ***호)",,도그매니져,대표님(원장님) 귀하,031-376-8255,파보 장염 초기대응 및 집단폐사 방어 파보겔 취급점 안내
18118,경기도 오산시 청학로 ***-* (궐동),,러블리캣,대표님(원장님) 귀하,031-373-8197,파보 장염 초기대응 및 집단폐사 방어 파보겔 취급점 안내
18143,경기도 오산시 경기대로 *** (원동),,퍼피앤유,대표님(원장님) 귀하,031-374-7007,파보 장염 초기대응 및 집단폐사 방어 파보겔 취급점 안내
15002,"경기도 시흥시 장곡로**번길 **, ***동 ***호 (장곡동)",,연성애견백화점,대표님(원장님) 귀하,031-317-6885,파보 장염 초기대응 및 집단폐사 방어 파보겔 취급점 안내
15049,"경기도 시흥시 오동마을로*번길 *, ***호 (정왕동)",,정왕동 애견용품 창고형 할인매장(비제이코리아),대표님(원장님) 귀하,031-520-0289,파보 장염 초기대응 및 집단폐사 방어 파보겔 취급점 안내
15119,"경기도 시흥시 거북섬북로 **, 아쿠아펫랜드 C동 *층 ***호 (정왕동)",,(주)밀레펫,대표님(원장님) 귀하,031-485-5820,파보 장염 초기대응 및 집단폐사 방어 파보겔 취급점 안내
15010,"경기도 시흥시 배곧*로 **-**, 광장프라자 *층 ***호 (배곧동)",,비타민 동물병원,대표님(원장님) 귀하,031-432-9119,파보 장염 초기대응 및 집단폐사 방어 파보겔 취급점 안내
15865,"경기도 군포시 번영로 ***, *층 *호 (산본동, 유화프라자빌딩)",,컨트리애견의집,대표님(원장님) 귀하,031-394-0514,파보 장염 초기대응 및 집단폐사 방어 파보겔 취급점 안내
15828,"경기도 군포시 번영로 ***, *층 ***호 (금정동, 거성프라자)",,프로펫 애견샵,대표님(원장님) 귀하,031-393-7079,파보 장염 초기대응 및 집단폐사 방어 파보겔 취급점 안내
,경기도 의왕시 계원대학로 * (내손동),,펫가든 동물병원,대표님(원장님) 귀하,031-422-4475,파보 장염 초기대응 및 집단폐사 방어 파보겔 취급점 안내
12913,"경기도 하남시 미사강변중앙로 ***, *층 ***호 (망월동)",,밀크독 켄넬 앤 카페 강아지분양 하남미사점,대표님(원장님) 귀하,031-792-5956,파보 장염 초기대응 및 집단폐사 방어 파보겔 취급점 안내
12948,"경기도 하남시 신장동로 **, ***호 (신장동)",,멍냥이 곳간,대표님(원장님) 귀하,031-793-6359,파보 장염 초기대응 및 집단폐사 방어 파보겔 취급점 안내
12913,"경기도 하남시 미사강변동로 **, 힐스테이트 에코 미사 *층 ***호 (망월동)",,블리스대디(Bully's daddy),대표님(원장님) 귀하,070-4919-1248,파보 장염 초기대응 및 집단폐사 방어 파보겔 취급점 안내
17006,경기도 용인시 기흥구 동백중앙로 *** (중동),,펫파크 동백점,대표님(원장님) 귀하,031-275-8833,파보 장염 초기대응 및 집단폐사 방어 파보겔 취급점 안내
16907,"경기도 용인시 기흥구 용구대로 ****, 이마트트레이더스 구성점 *층 (보정동)",,웰니스클리닉동물병원,대표님(원장님) 귀하,031-283-1357,파보 장염 초기대응 및 집단폐사 방어 파보겔 취급점 안내
16914,"경기도 용인시 기흥구 구성로***번길 **, *층 (청덕동)",,멍스라이프,대표님(원장님) 귀하,031-281-5004,파보 장염 초기대응 및 집단폐사 방어 파보겔 취급점 안내
17062,"경기도 용인시 처인구 중부대로 ****, *층 (김량장동)",,하얀개마을,대표님(원장님) 귀하,031-334-3336,파보 장염 초기대응 및 집단폐사 방어 파보겔 취급점 안내
17064,"경기도 용인시 기흥구 중부대로 ***, *층 *호 (신갈동, 기흥역 롯데캐슬스카이)",,롯데마트 신갈점,대표님(원장님) 귀하,031-527-4244,파보 장염 초기대응 및 집단폐사 방어 파보겔 취급점 안내
16845,경기도 용인시 수지구 수지로 *** (신봉동),,(주)이마트 수지점,대표님(원장님) 귀하,031-270-1052,파보 장염 초기대응 및 집단폐사 방어 파보겔 취급점 안내
16800,"경기도 용인시 수지구 이종무로 **, *층 (고기동)",,퍼피데일리,대표님(원장님) 귀하,070-8248-3070,파보 장염 초기대응 및 집단폐사 방어 파보겔 취급점 안내
16944,경기도 용인시 수지구 광교중앙로***번길 ** (상현동),,펫웨이브 광교지점,대표님(원장님) 귀하,1551-1515,파보 장염 초기대응 및 집단폐사 방어 파보겔 취급점 안내
17057,경기도 용인시 처인구 명지로 ** (역북동),,(주)밀레펫,대표님(원장님) 귀하,031-485-5820,파보 장염 초기대응 및 집단폐사 방어 파보겔 취급점 안내
17158,경기도 용인시 처인구 양지읍 죽양대로 ****,,코기빌,대표님(원장님) 귀하,031-321-3322,파보 장염 초기대응 및 집단폐사 방어 파보겔 취급점 안내
17126,경기도 용인시 처인구 이동읍 백자로 ***-*,,아로하스토리,대표님(원장님) 귀하,031-526-0596,파보 장염 초기대응 및 집단폐사 방어 파보겔 취급점 안내
17063,"경기도 용인시 처인구 백옥대로 ****, *층 ***호 (남동)",,야옹아멍멍해봐 용인남동점,대표님(원장님) 귀하,031-338-0079,파보 장염 초기대응 및 집단폐사 방어 파보겔 취급점 안내
17006,"경기도 용인시 기흥구 동백죽전대로 ***, 쥬네브썬월드빌딩 (중동)",,쿨펫동물병원,대표님(원장님) 귀하,031-679-0551,파보 장염 초기대응 및 집단폐사 방어 파보겔 취급점 안내
10905,"경기도 파주시 미래로 ***-**, *층 (동패동)",,으르렁애견카페,대표님(원장님) 귀하,031-947-1981,파보 장염 초기대응 및 집단폐사 방어 파보겔 취급점 안내
10892,경기도 파주시 교하로 ** (목동동),,파주24시동물병원,대표님(원장님) 귀하,031-944-5575,파보 장염 초기대응 및 집단폐사 방어 파보겔 취급점 안내
10870,"경기도 파주시 가람로**번길 **-**, *층 (와동동)",,놀면묘하냥 고양이카페,대표님(원장님) 귀하,070-8770-7353,파보 장염 초기대응 및 집단폐사 방어 파보겔 취급점 안내
10900,"경기도 파주시 산내로*번길 **-**, *층 (목동동)",,헤이뚜뚜,대표님(원장님) 귀하,031-946-3999,파보 장염 초기대응 및 집단폐사 방어 파보겔 취급점 안내
10932,"경기도 파주시 중앙로 ***, ***호 (금촌동, 동현아파트)",,우리들의 댕댕이,대표님(원장님) 귀하,070-7766-0703,파보 장염 초기대응 및 집단폐사 방어 파보겔 취급점 안내
17364,경기도 이천시 서희로 ** (창전동),,하이몽,대표님(원장님) 귀하,031-635-5775,파보 장염 초기대응 및 집단폐사 방어 파보겔 취급점 안내
17391,경기도 이천시 경충대로****번길 * (진리동),,아이펫,대표님(원장님) 귀하,031-638-4520,파보 장염 초기대응 및 집단폐사 방어 파보겔 취급점 안내
17377,경기도 이천시 경충대로****번길 ** (중리동),,냥냥펀치,대표님(원장님) 귀하,031-634-1119,파보 장염 초기대응 및 집단폐사 방어 파보겔 취급점 안내
17331,"경기도 이천시 부발읍 경충대로 ****, *층",,펫플러스라이프,대표님(원장님) 귀하,031-634-0338,파보 장염 초기대응 및 집단폐사 방어 파보겔 취급점 안내
17372,"경기도 이천시 구만리로 ***, 지하*층 (안흥동, 이천 롯데캐슬 골드스카이)",,롯데마트 이천점,대표님(원장님) 귀하,031-8011-2500,파보 장염 초기대응 및 집단폐사 방어 파보겔 취급점 안내
,경기도 안성시 중앙로 *** (석정동),,로얄수족관,대표님(원장님) 귀하,02-2690-7311,파보 장염 초기대응 및 집단폐사 방어 파보겔 취급점 안내
17558,경기도 안성시 공도읍 서동대로 **** (롯데마트),,롯데마트안성점쿨펫,대표님(원장님) 귀하,031-618-7533,파보 장염 초기대응 및 집단폐사 방어 파보겔 취급점 안내
10078,"경기도 김포시 모담공원로 **, 상가동 ***호 (운양동, 한강신도시 반도유보라 *차)",,하이몽,대표님(원장님) 귀하,031-985-1259,파보 장염 초기대응 및 집단폐사 방어 파보겔 취급점 안내
10090,"경기도 김포시 김포한강*로 *, ***호 (장기동)",,라이프독,대표님(원장님) 귀하,031-988-6311,파보 장염 초기대응 및 집단폐사 방어 파보겔 취급점 안내
10040,경기도 김포시 대곶면 대명항로 ***,,자랑하개,대표님(원장님) 귀하,031-988-0881,파보 장염 초기대응 및 집단폐사 방어 파보겔 취급점 안내
10125,경기도 김포시 고촌읍 은행영사정로**번길 **-*,,꽃보다 개,대표님(원장님) 귀하,070-7377-1022,파보 장염 초기대응 및 집단폐사 방어 파보겔 취급점 안내
10059,경기도 김포시 양촌읍 양곡*로 *-*,,pet for you,대표님(원장님) 귀하,070-7333-3311,파보 장염 초기대응 및 집단폐사 방어 파보겔 취급점 안내
10090,"경기도 김포시 김포한강*로 ** (장기동, e편한세상캐널시티, 롯데마트)",,한강아쿠아 롯데마트 김포한강점,대표님(원장님) 귀하,02-2685-3485,파보 장염 초기대응 및 집단폐사 방어 파보겔 취급점 안내
10132,"경기도 김포시 고촌읍 인향로***번길 *, *층",,코아스,대표님(원장님) 귀하,031-997-0081,파보 장염 초기대응 및 집단폐사 방어 파보겔 취급점 안내
11034,경기도 연천군 전곡읍 전곡로 ***,,애견세상,대표님(원장님) 귀하,031-833-7773,파보 장염 초기대응 및 집단폐사 방어 파보겔 취급점 안내
18298,"경기도 화성시 효행구 봉담읍 효행로 ***, 이마트",,로얄수족관(이마트 봉담점),대표님(원장님) 귀하,031-228-1234,파보 장염 초기대응 및 집단폐사 방어 파보겔 취급점 안내
,경기도 화성시 만세구 향남읍 향남로 *** (홈플러스 향남점),,(주)그린아쿠아펫,대표님(원장님) 귀하,02-2619-1285,파보 장염 초기대응 및 집단폐사 방어 파보겔 취급점 안내
,"경기도 화성시 병점구 경기대로 *** (병점동, 홈플러스 병점점)",,(주)그린아쿠아펫,대표님(원장님) 귀하,02-2619-1285,파보 장염 초기대응 및 집단폐사 방어 파보겔 취급점 안내
18436,"경기도 화성시 동탄구 외삼미로 ***, *층 (반송동)",,퍼스트독,대표님(원장님) 귀하,031-8003-5127,파보 장염 초기대응 및 집단폐사 방어 파보겔 취급점 안내
18357,"경기도 화성시 병점구 화산중앙로**번길 *, 삼신빌딩 ***호 (송산동)",,(주)코스모스이펙트,대표님(원장님) 귀하,02-6212-8587,파보 장염 초기대응 및 집단폐사 방어 파보겔 취급점 안내
18453,"경기도 화성시 동탄구 동탄중심상가*길 *, 로하스애비뉴 *층 ***호-사**호 (반송동)",,(주)우연컴퍼니,대표님(원장님) 귀하,02-2038-8602,파보 장염 초기대응 및 집단폐사 방어 파보겔 취급점 안내
,경기도 광주시 광주대로 ** (경안동),,로얄수족관,대표님(원장님) 귀하,031-8026-1052,파보 장염 초기대응 및 집단폐사 방어 파보겔 취급점 안내
12741,"경기도 광주시 경안천로 *, *층 (송정동)",,동현24시동물병원,대표님(원장님) 귀하,031-768-7599,파보 장염 초기대응 및 집단폐사 방어 파보겔 취급점 안내
12771,"경기도 광주시 신현동 태재로 **, *층",,애플펫동물병원,대표님(원장님) 귀하,031-726-4800,파보 장염 초기대응 및 집단폐사 방어 파보겔 취급점 안내
12720,경기도 광주시 곤지암읍 광여로 ***-*,,도그파파 동물병원,대표님(원장님) 귀하,031-766-0079,파보 장염 초기대응 및 집단폐사 방어 파보겔 취급점 안내
11473,"경기도 양주시 옥정동로*다길 **, 대길프라자 ***호 (옥정동)",,강아지 대공원,대표님(원장님) 귀하,031-865-4422,파보 장염 초기대응 및 집단폐사 방어 파보겔 취급점 안내
11473,"경기도 양주시 옥정로 ***, 신운정튼튼프라자 *층 *호 (옥정동)",,(주)아쿠아시스템 양주옥정점,대표님(원장님) 귀하,031-848-2073,파보 장염 초기대응 및 집단폐사 방어 파보겔 취급점 안내
11161,경기도 포천시 호국로 *** (설운동),,(주)그린프레밀리,대표님(원장님) 귀하,031-540-1234,파보 장염 초기대응 및 집단폐사 방어 파보겔 취급점 안내
,경기도 여주시 상동 여흥로 ***,,애견나라,대표님(원장님) 귀하,031-882-0035,파보 장염 초기대응 및 집단폐사 방어 파보겔 취급점 안내
,경기도 여주시 산북면 상품리 **-*,,만물농원,대표님(원장님) 귀하,031-881-2762,파보 장염 초기대응 및 집단폐사 방어 파보겔 취급점 안내
,경기도 여주시 능서면 내양리 ***-**,,여주켄넬,대표님(원장님) 귀하,031-884-3204,파보 장염 초기대응 및 집단폐사 방어 파보겔 취급점 안내
,경기도 여주시 창동 ***-**,,강아지와 고양이,대표님(원장님) 귀하,031-883-5588,파보 장염 초기대응 및 집단폐사 방어 파보겔 취급점 안내
,경기도 여주시 상동 ***,,멍멍이와 야옹이,대표님(원장님) 귀하,031-885-1661,파보 장염 초기대응 및 집단폐사 방어 파보겔 취급점 안내
12630,"경기도 여주시 세종로**번길 **, *층 (홍문동)",,여주 멍스타,대표님(원장님) 귀하,031-885-1222,파보 장염 초기대응 및 집단폐사 방어 파보겔 취급점 안내
12662,"경기도 여주시 가남읍 대명산길 *, *층",,개냥이 세계,대표님(원장님) 귀하,070-8866-8626,파보 장염 초기대응 및 집단폐사 방어 파보겔 취급점 안내
08812,"서울특별시 관악구 호암로**가길 **, 명륜당독서실 ***호 (신림동)",,펫나우,대표님(원장님) 귀하,02-2135-4880,파보 장염 초기대응 및 집단폐사 방어 파보겔 취급점 안내
